Lemma,Rank,SFI,U
,,,
be,1,87.95,62378.07
the,2,87.03,50498.86
and,4,84.92,31027.07
to,6,84.52,28336.61
a,7,84.24,26519.71
of,9,83.79,23918.35
you,3,83.68,23349.51
it,5,83.1,20435.84
in,15,82.59,18173.65
have,8,82.58,18117.94
that,12,81.8,15146
we,14,81.48,14058.04
they,13,81.39,13785.39
not,11,81.37,13700.98
do,10,81.3,13493.91
he,16,80.31,10738.3
this,21,79.55,9015.97
for,27,79.28,8469.82
on,23,78.93,7812.92
but,22,78.41,6930.22
know,17,78.25,6683
go,19,78.16,6548.15
so,20,77.86,6112.59
with,38,77.82,6052.93
say,32,77.8,6023.85
get,18,77.67,5853.25
think,28,77.47,5590.98
I,25,77.43,5527.54
there,30,77.19,5234.66
will,31,77.06,5081.15
at,40,76.98,4993.73
as,44,76.96,4966
what,34,76.88,4873.06
about,42,76.84,4829.99
she,33,76.28,4243.7
like,29,76.22,4190.62
just,35,76.06,4037.55
one,37,76.02,4001.88
if,39,75.92,3904.41
or,43,75.9,3887.1
well,36,75.85,3847.5
all,41,75.76,3770.24
from,64,75.75,3759.43
people,66,75.33,3415.01
would,45,75.03,3185.9
can,49,74.82,3030.91
out,53,74.75,2983.09
because,47,74.65,2915.47
up,51,74.59,2876.07
who,78,74.52,2828.51
when,57,74.52,2832.66
now,61,74.4,2751.82
some,62,74.26,2666.38
very,67,74.19,2624.72
see,54,74.19,2625.08
right,48,74.19,2627.03
come,60,74.05,2542.3
thing,55,73.99,2508.68
more,77,73.91,2462.78
make,69,73.88,2442.42
time,65,73.79,2391.39
want,59,73.76,2375.4
by,87,73.71,2351.36
no,50,73.7,2345.09
really,58,73.63,2308.57
then,46,73.55,2265.59
year,86,73.39,2183.84
good,63,73.39,2180.9
mean,52,73.38,2178.91
take,72,73.24,2110.76
here,73,72.93,1962.44
other,79,72.85,1927.94
which,74,72.78,1895.91
look,70,72.75,1882.7
work,76,72.31,1702.31
could,75,72.29,1692.45
way,90,72.25,1679.82
how,84,72.23,1669.39
talk,99,72.17,1647.55
lot,89,72.06,1607.02
where,81,72.04,1600.35
two,71,72,1583.73
back,85,71.94,1562.14
much,96,71.91,1550.87
yes,56,71.82,1521.78
use,82,71.3,1349.49
into,107,71.26,1336.88
something,83,71.19,1314.62
over,104,71.15,1303.89
give,93,71.08,1282.8
pause,24,71.07,1278.01
call,118,71.06,1276.6
any,88,71.03,1266.46
than,114,71.02,1265.58
day,106,70.98,1254.33
kind,100,70.98,1253.04
first,113,70.9,1229.54
unclear,26,70.88,1224.37
tell,101,70.7,1174.38
down,92,70.69,1171.37
need,98,70.64,1157.93
also,142,70.61,1151.51
try,109,70.58,1143.61
put,91,70.45,1108.95
only,102,70.3,1070.69
actually,97,70.15,1035.68
should,103,70.03,1006.37
last,120,70.02,1004.44
even,126,69.99,997.41
three,95,69.95,988.88
let,117,69.94,986.75
find,124,69.92,981.61
little,105,69.91,979.22
sort,94,69.89,975.83
why,110,69.84,963.02
today,187,69.75,943.02
new,177,69.75,944.32
many,156,69.69,931.8
still,123,69.51,892.29
after,157,69.46,882.93
thank,158,69.43,876.35
through,128,69.41,872.25
start,121,69.36,863.3
question,141,69.35,861.46
point,129,69.35,861.68
most,184,69.33,857.84
happen,148,69.25,842.23
off,112,69.2,831.66
big,138,69.18,828.24
feel,139,69.18,828.73
before,133,69.09,811.75
week,132,69,794.17
too,115,69,795.11
problem,135,68.92,779.01
hear,163,68.9,776.63
part,179,68.85,767.62
ask,140,68.78,754.37
country,276,68.72,745.25
long,145,68.69,739.85
issue,202,68.59,722.37
different,143,68.53,712.54
yeah,68,68.53,713.64
change,174,68.52,710.65
again,134,68.46,700.88
same,137,68.44,697.62
another,151,68.42,694.44
great,195,68.4,692.54
might,127,68.36,685.22
number,162,68.32,678.71
man,198,68.26,670.02
show,225,68.21,662.23
never,136,68.2,660.35
around,182,68.19,658.85
bit,108,68.17,656.16
place,168,68.15,652.79
next,164,68.15,653.47
school,147,68.15,653.44
end,161,68.11,646.45
money,167,68.11,646.72
play,194,68.04,636.68
interest,181,68.03,635.54
help,209,68.02,634.21
life,250,67.94,622.9
may,214,67.92,619.81
fact,193,67.9,616.86
keep,150,67.9,616.66
live,178,67.87,611.69
government,339,67.85,610.04
state,331,67.83,606.58
home,173,67.83,607.19
four,119,67.83,606.72
sure,144,67.82,604.9
world,379,67.8,602.23
leave,155,67.8,602.06
always,146,67.79,601.38
write,183,67.73,592.81
child,191,67.71,589.79
course,149,67.69,587.66
report,291,67.68,586.12
every,186,67.65,581.99
woman,262,67.57,571.57
probably,125,67.57,572.06
own,203,67.54,567.85
five,116,67.5,562.12
meet,159,67.47,558.47
case,258,67.4,549.28
move,185,67.38,546.98
book,222,67.37,545.65
run,224,67.31,538.65
anything,130,67.28,534.5
pay,166,67.21,526.26
job,196,67.16,520.39
seem,197,67.16,519.63
bring,221,67.15,518.97
old,171,67.15,518.34
both,232,67.14,517.86
believe,252,67.11,513.57
late,244,67.09,511.67
maybe,170,67.08,510.98
read,153,67.07,509.62
quite,122,67.07,509.75
house,176,67.05,507.01
kid,180,66.95,495.93
story,396,66.94,494.28
whether,215,66.91,491.44
high,271,66.88,487.82
month,231,66.86,485.03
family,274,66.81,479.38
speak,268,66.78,476.61
between,246,66.74,472.47
bad,206,66.67,464.99
important,243,66.64,461.83
few,248,66.61,457.69
group,269,66.6,457.2
turn,245,66.55,451.77
away,200,66.55,452.13
though,175,66.54,450.92
understand,230,66.52,448.44
okay,111,66.45,441.95
able,237,66.41,437.39
ago,300,66.39,435.54
become,369,66.36,432.59
area,204,66.36,432.16
night,199,66.34,430.25
laugh,80,66.33,429.52
name,223,66.31,427.54
idea,233,66.27,423.32
hour,239,66.23,419.56
term,249,66.23,419.61
remember,169,66.22,418.41
deal,290,66.19,416.22
program,347,66.18,414.98
whole,211,66.14,411.34
begin,375,66.11,408.01
company,374,66.07,404.26
against,430,66.05,402.64
hard,265,66.04,401.92
early,313,66.03,400.76
love,267,66.03,400.43
side,240,65.94,392.82
plan,277,65.93,391.31
enough,241,65.92,390.5
far,253,65.92,391.19
vote,624,65.91,389.99
word,226,65.91,389.55
buy,192,65.86,385.9
ever,242,65.84,383.39
set,255,65.84,383.71
system,329,65.82,381.55
build,273,65.82,382.22
real,259,65.81,381.39
test,172,65.81,381.36
close,324,65.79,379.41
guy,263,65.78,378.57
six,165,65.75,375.92
since,336,65.71,372.38
minute,213,65.65,367.42
hope,320,65.64,366.75
line,323,65.64,366.18
student,216,65.64,366.73
else,189,65.63,365.35
business,351,65.6,362.91
person,287,65.57,360.43
pretty,235,65.57,360.72
while,308,65.52,356.46
second,260,65.52,356.37
reason,281,65.51,355.98
everything,212,65.5,354.76
under,327,65.49,353.85
spend,303,65.48,352.99
lose,344,65.45,350.87
open,288,65.43,349.14
young,366,65.41,347.45
public,405,65.4,346.9
car,219,65.39,346.14
half,205,65.37,344.09
stuff,160,65.36,343.39
each,264,65.32,340.53
care,314,65.31,339.39
together,270,65.31,339.93
sit,220,65.29,338.01
certainly,306,65.28,337.31
support,377,65.26,335.78
such,318,65.26,335.57
hundred,154,65.25,335.1
war,567,65.22,332.65
win,509,65.2,330.98
nice,152,65.17,329.2
least,326,65.14,326.79
news,602,65.12,325.32
percent,387,65.11,324.63
hold,359,65.08,322.31
hand,293,65.08,322.12
friend,272,65.07,321.42
already,286,65.05,319.99
watch,275,65.05,319.82
send,279,65.05,320
million,538,65.04,319.28
once,289,65.04,318.96
example,295,65.03,318.74
morning,228,65.03,318.59
somebody,236,65.03,318.08
stop,292,65.02,317.7
sense,355,65.01,316.71
member,370,65.01,316.67
couple,266,64.99,315.41
city,540,64.94,311.82
black,544,64.94,312.17
small,322,64.91,309.71
stay,304,64.86,306.33
nothing,257,64.86,306.03
concern,335,64.85,305.18
continue,465,64.84,304.62
exactly,299,64.8,302.25
yet,282,64.79,301.48
guess,217,64.79,301.12
community,504,64.75,298.24
someone,328,64.75,298.25
past,363,64.74,297.75
head,378,64.74,298.15
break,349,64.69,294.69
until,319,64.69,294.61
must,229,64.69,294.58
top,334,64.66,292.29
market,493,64.64,290.99
matter,317,64.64,290.98
information,297,64.63,290.67
record,413,64.61,289.07
without,364,64.59,287.43
expect,385,64.59,287.64
force,576,64.58,286.84
level,321,64.58,287.38
lead,545,64.57,286.69
learn,365,64.57,286.41
include,477,64.56,285.62
answer,302,64.55,285.04
whatever,218,64.55,285.37
process,358,64.54,284.73
large,458,64.46,279.3
party,464,64.46,279.21
stand,356,64.46,279.07
cause,296,64.45,278.5
law,584,64.43,277.05
clear,310,64.43,277.61
agree,350,64.42,276.43
listen,446,64.41,276.37
mind,261,64.41,276.07
almost,426,64.39,274.93
moment,361,64.39,274.88
policy,417,64.38,274.03
thousand,247,64.38,274.26
during,455,64.37,273.34
everybody,309,64.34,271.56
situation,389,64.31,269.81
wait,285,64.26,266.83
game,496,64.24,265.3
grow,471,64.23,265.06
walk,283,64.23,264.69
less,406,64.19,262.61
experience,444,64.19,262.37
cut,360,64.18,261.55
water,346,64.17,260.93
sound,340,64.17,260.97
eight,208,64.17,261.13
across,414,64.15,259.98
decide,383,64.14,259.44
either,284,64.12,258.08
face,486,64.11,257.39
order,338,64.1,256.92
service,342,64.09,256.18
music,573,64.07,255.2
involve,390,64.04,253.65
parent,348,64.02,252.5
cost,330,63.99,250.9
power,619,63.96,248.87
sometimes,332,63.96,248.84
phone,325,63.93,247.29
price,476,63.88,244.2
health,502,63.88,244.22
allow,440,63.87,244.06
drive,354,63.86,243.39
decision,447,63.85,242.86
obviously,280,63.85,242.87
absolutely,415,63.84,241.86
kill,650,63.83,241.78
view,382,63.83,241.3
along,392,63.82,241.12
seven,234,63.79,239.44
study,526,63.76,237.72
suppose,227,63.73,236.13
basically,357,63.71,234.75
pick,315,63.71,235.08
room,301,63.65,231.98
team,580,63.64,231.11
sell,395,63.64,230.97
office,482,63.63,230.6
wrong,343,63.63,230.43
rather,305,63.61,229.51
within,352,63.6,229.19
fall,470,63.59,228.73
perhaps,312,63.59,228.75
follow,443,63.57,227.54
base,460,63.52,225.15
figure,400,63.51,224.51
certain,397,63.5,223.75
ten,210,63.5,223.86
low,488,63.47,222.31
national,628,63.46,221.7
easy,345,63.44,220.62
difficult,418,63.41,219.04
die,501,63.35,216.42
local,398,63.32,214.62
train,371,63.31,214.09
create,721,63.3,213.75
dollar,437,63.3,213.8
control,549,63.29,213.36
tomorrow,341,63.29,213.32
raise,511,63.28,212.63
movie,653,63.26,211.9
difference,428,63.26,211.65
anyway,190,63.25,211.17
rate,571,63.21,209.27
white,589,63.21,209.49
often,469,63.21,209.56
pass,466,63.18,208.11
provide,422,63.18,207.98
general,472,63.17,207.45
food,500,63.14,206.11
sign,485,63.13,205.56
worry,407,63.09,203.89
possible,483,63.08,203.21
eat,311,63.08,203.16
major,569,63.06,202.46
consider,517,63.05,202.02
mother,425,63.02,200.42
police,649,63.01,200.11
sing,494,63.01,200.12
particular,386,63,199.47
yesterday,409,62.99,199.12
cover,424,62.96,197.78
rule,663,62.95,197.08
strong,604,62.94,196.87
age,452,62.92,195.71
hit,600,62.91,195.32
charge,570,62.9,194.88
increase,519,62.9,194.86
wonder,402,62.9,195.08
round,207,62.9,194.88
piece,421,62.87,193.75
check,391,62.85,192.65
type,316,62.84,192.27
several,680,62.83,191.84
mention,448,62.8,190.61
position,479,62.79,190.3
form,394,62.78,189.51
outside,453,62.75,188.45
girl,362,62.75,188.51
future,586,62.74,188.03
step,606,62.74,188.12
town,508,62.74,187.94
ahead,666,62.72,187.1
site,588,62.7,186.25
front,412,62.7,186.31
result,546,62.64,183.63
fire,629,62.64,183.73
full,393,62.64,183.71
class,372,62.62,182.95
anybody,367,62.6,182.04
conversation,551,62.59,181.48
short,416,62.59,181.59
air,700,62.57,180.76
especially,534,62.57,180.72
sorry,254,62.56,180.48
chance,532,62.54,179.56
paper,333,62.52,178.52
light,433,62.49,177.29
please,298,62.49,177.61
nine,251,62.49,177.59
themselves,596,62.48,177.01
teach,419,62.45,175.8
picture,461,62.44,175.41
behind,587,62.42,174.57
offer,564,62.39,173.23
language,456,62.36,172.11
address,507,62.36,172.19
add,467,62.35,171.9
road,410,62.33,170.81
effect,578,62.32,170.7
bill,632,62.31,170.12
forward,442,62.31,170.27
effort,694,62.3,169.99
happy,434,62.3,169.73
comment,423,62.26,168.08
teacher,368,62.26,168.44
opportunity,558,62.25,167.98
share,598,62.25,168.05
boy,403,62.25,167.73
free,554,62.24,167.55
focus,712,62.2,166.15
everyone,528,62.2,166.02
father,594,62.19,165.61
carry,474,62.19,165.76
door,353,62.16,164.42
save,495,62.15,164.08
list,427,62.15,163.92
myself,436,62.15,164.2
toward,566,62.13,163.12
pound,201,62.13,163.42
amount,492,62.12,162.91
visit,702,62.11,162.58
action,704,62.09,161.77
street,710,62.09,161.69
suggest,481,62.09,161.8
laughter,131,62.08,161.46
soon,480,62.04,160.07
fund,644,62.03,159.67
develop,556,62.01,158.89
particularly,525,61.96,156.86
rest,518,61.96,157.05
doctor,574,61.93,155.93
tonight,527,61.9,154.78
individual,572,61.89,154.56
special,590,61.88,154.1
research,661,61.87,153.73
choice,498,61.87,153.76
fine,376,61.85,153.04
college,557,61.84,152.72
education,626,61.77,150.37
yourself,435,61.75,149.58
finish,384,61.75,149.71
center,658,61.74,149.38
computer,521,61.72,148.58
realize,541,61.71,148.39
tax,620,61.7,147.91
ready,499,61.69,147.6
although,489,61.68,147.27
trouble,592,61.65,146.18
land,613,61.62,145.32
relationship,683,61.61,144.72
press,536,61.61,144.72
present,491,61.61,144.88
discussion,411,61.61,144.9
body,662,61.6,144.56
pull,514,61.6,144.47
discuss,512,61.53,142.34
middle,535,61.51,141.42
bear,562,61.51,141.47
usually,404,61.49,141.03
push,647,61.47,140.21
wife,609,61.45,139.73
explain,652,61.45,139.65
project,593,61.44,139.23
draw,487,61.44,139.36
travel,651,61.42,138.7
surprise,713,61.4,138.11
miss,506,61.4,137.96
trade,696,61.39,137.74
itself,679,61.37,136.96
letter,454,61.36,136.8
response,475,61.36,136.9
period,614,61.35,136.43
value,669,61.34,136.24
wear,441,61.34,136
weekend,543,61.33,135.91
forget,431,61.32,135.44
nobody,520,61.31,135.29
drop,612,61.29,134.47
item,238,61.28,134.15
church,701,61.27,133.99
shop,388,61.27,134.1
benefit,621,61.25,133.23
table,462,61.23,132.65
foot,510,61.22,132.42
affect,706,61.21,132.11
near,559,61.2,131.8
committee,513,61.2,131.92
produce,664,61.15,130.26
baby,531,61.1,128.74
instead,631,61.1,128.86
eye,672,61.09,128.41
choose,660,61.06,127.61
statement,636,61.05,127.45
card,457,61.05,127.35
throw,568,61.02,126.42
stick,459,61,125.95
catch,633,60.99,125.72
funny,408,60.99,125.62
standard,533,60.98,125.37
anyone,627,60.96,124.6
receive,708,60.93,123.84
enjoy,463,60.93,123.94
page,432,60.92,123.47
budget,522,60.91,123.38
stage,671,60.9,122.97
single,692,60.87,122.06
note,605,60.87,122.14
definitely,550,60.84,121.21
accept,648,60.84,121.28
mine,420,60.83,120.95
product,681,60.8,120.34
detail,617,60.8,120.09
mile,689,60.77,119.42
board,637,60.77,119.53
hospital,685,60.72,118.09
fun,523,60.72,117.95
husband,575,60.7,117.6
wonderful,682,60.66,116.45
depend,524,60.65,116.09
dad,381,60.65,116.08
staff,548,60.63,115.49
dog,490,60.63,115.64
color,503,60.62,115.38
tape,439,60.62,115.35
fair,601,60.61,115.05
drink,473,60.61,115.11
development,616,60.56,113.64
summer,638,60.56,113.76
imagine,623,60.54,113.32
available,599,60.52,112.81
require,709,60.49,112.01
main,591,60.49,111.85
further,552,60.47,111.45
subject,607,60.42,110.05
score,542,60.4,109.75
worth,582,60.4,109.55
afternoon,529,60.37,108.88
tend,634,60.33,107.91
completely,705,60.32,107.69
sale,697,60.3,107.18
brother,640,60.3,107.24
somewhere,449,60.28,106.63
degree,659,60.27,106.35
notice,530,60.26,106.19
account,635,60.24,105.63
correct,715,60.14,103.22
document,676,60.11,102.66
box,515,60.11,102.59
cold,622,60.06,101.37
wish,579,60.04,100.96
quality,595,60.03,100.77
date,563,60.01,100.22
clean,608,59.95,98.85
marry,618,59.94,98.61
straight,553,59.93,98.29
fill,667,59.9,97.75
hot,675,59.9,97.64
twenty,188,59.9,97.64
unless,585,59.82,95.85
per,561,59.81,95.61
specific,655,59.78,95.03
park,674,59.77,94.92
ought,560,59.77,94.89
holiday,642,59.74,94.18
evening,678,59.73,93.87
relate,677,59.68,92.89
ring,399,59.68,92.92
machine,610,59.66,92.37
sleep,597,59.64,92.02
review,695,59.63,91.82
hang,625,59.57,90.62
cool,611,59.56,90.41
red,711,59.53,89.84
fit,547,59.51,89.35
hate,657,59.45,88.02
quick,687,59.44,87.91
various,716,59.4,87.07
floor,684,59.33,85.73
bed,478,59.33,85.66
apply,714,59.31,85.36
fairly,641,59.29,84.88
bottom,603,59.26,84.32
size,665,59.25,84.21
totally,698,59.21,83.31
sister,645,59.06,80.61
therefore,699,59.05,80.31
clock,445,59.03,79.92
window,673,59.01,79.69
breath,307,59.01,79.69
lady,688,58.99,79.28
contact,691,58.98,79.16
council,630,58.98,79.03
aware,690,58.97,78.86
extra,668,58.84,76.5
brief,583,58.81,76.11
hair,654,58.76,75.17
purpose,719,58.74,74.81
thirty,256,58.68,73.86
plus,686,58.67,73.65
mathematics,505,58.57,72.01
bus,720,58.56,71.73
grade,565,58.47,70.25
dinner,643,58.43,69.61
fifty,278,58.37,68.77
bet,717,58.34,68.28
bag,670,58.33,68.13
cheap,707,58.31,67.8
copy,693,57.99,62.97
load,577,57.89,61.54
normally,718,57.75,59.58
bother,615,57.73,59.34
awful,703,57.67,58.45
alright,294,57.59,57.41
cough,438,57.3,53.67
till,537,57.21,52.58
bloody,451,57.09,51.11
shall,555,57.06,50.83
forty,373,57,50.07
text,639,56.99,50.02
lovely,497,56.93,49.37
dear,516,56.79,47.77
noise,646,56.66,46.31
twelve,401,56.05,40.23
nineteen,380,55.98,39.64
tea,656,55.61,36.35
eighty,450,55.52,35.62
ninety,429,55.24,33.42
fifteen,484,55.18,32.98
sixty,468,54.98,31.47
eleven,581,54.66,29.22
seventy,539,54.65,29.21
