token,freq
있다,346
수,258
이,216
있는,200
한,134
등,130
그,123
좀,109
고,104
것으로,96
것,84
정말,83
대한,82
는,82
중,80
위해,80
가는,73
및,72
너무,71
의,70
더,70
알려줘,69
때,69
또,66
지난,66
를,63
다른,62
안,62
통해,61
하는,60
•,60
잘,59
을,59
가,58
많은,57
또한,56
함께,56
현재,55
그는,55
이후,55
한다,55
많이,54
특히,54
후,54
같은,53
가장,53
게,53
것이,52
된다,52
길,52
보여줘,52
했다,51
전,51
두,51
때문에,51
것이다,49
어떻게,49
그러나,49
따라,49
몇,48
좋은,45
맛이,45
하지만,44
에,43
것을,43
말했다,43
밝혔다,42
은,42
로,41
이어,41
며,40
그리고,40
등을,40
큰,40
경우,40
한편,39
모두,39
다시,39
있어,39
대해,38
이라고,37
있으며,36
맛있어요,36
좋아요,36
직접,36
최근,36
얼마나,36
있고,36
위한,35
이번,34
할,34
그의,33
것은,33
없는,33
의해,33
《,32
맛도,32
다,32
뒤,32
》,32
하고,32
이날,31
거,30
다양한,30
가운데,30
이는,30
이에,30
등의,30
중국,30
같아요,29
되었다,29
당시,29
맥도날드까지,29
없다,29
있었다,29
서울,29
갈,28
대전,28
참,28
이를,28
지난해,28
동안,28
매우,28
없이,28
아주,28
따르면,28
가까운,27
않고,27
역시,27
또는,27
일본,27
자주,27
에서,27
꼭,27
않은,27
이런,27
지금,26
먹을,26
해,26
우리,26
될,26
원,25
등이,25
진짜,25
주,25
타고,24
받고,24
있어서,24
미국,24
세계,24
여러,23
오는,23
넘,23
제일,23
여기서,23
좋고,23
받았다,23
근처,23
총,23
곳,23
으로,22
번,22
사진,22
모든,22
친절하시고,22
가지,22
내,21
있습니다,21
신세계,21
대전까지,21
예정이다,21
약,21
오후,21
좋습니다,21
영화,21
먹고,21
여기,21
된,21
있을,21
볼,20
첫,20
관련,20
주요,20
친절하고,20
듯,20
경기,20
6월,20
김,20
보고,20
관계자는,19
지역,19
2010년,19
맛있고,19
완전,19
바로,19
음식,19
찾아줘,19
같다,19
자신의,19
최고의,19
이상,19
제대로,19
2009년,18
크게,18
많고,18
사람,18
이러한,18
아니라,18
비해,18
가격도,18
과,18
대한민국,18
한국,18
마세요,18
맛,18
새로운,18
3월,18
거의,17
못,17
국내,17
데,17
라는,17
되고,17
최고,17
않는,17
라고,17
되는,17
등으로,17
집,17
결과,17
각,17
가격,17
전했다,16
각각,16
회사,16
정도로,16
맛은,16
주로,16
작은,16
보인다,16
나오는,16
없고,16
가려면,16
다만,16
원래,16
시,16
5월,16
물론,16
10월,15
서비스,15
있도록,15
하였다,15
되어,15
나는,15
가격에,15
영향을,15
갖고,15
와,15
동시에,15
미국의,15
같이,15
인한,15
두고,15
올,15
시간이,15
더욱,15
전국,15
조금,15
무한도전,15
저렴한,15
알려졌다,14
오전,14
말,14
먹는,14
일부,14
필요한,14
있다고,14
거리가,14
병원까지,14
내가,14
나서,14
대상으로,14
2008년,14
제가,14
주변,14
관한,14
먼저,14
2007년,14
9월,14
제,14
대비,14
정도,14
이미,14
있다는,14
분,14
반면,14
자전거로,14
중에,14
인해,14
계획이다,13
항상,13
새,13
달리,13
먹었는데,13
최대,13
적은,13
처음,13
근처에,13
올해,13
지적했다,13
말을,13
좋네요,13
이미지,13
엄청,13
추가,13
시간,13
가격이,13
열린,13
않아,13
좋았어요,13
오늘,13
없어서,12
간,12
있는데,12
보기,12
많아서,12
깔끔하고,12
집에,12
정부가,12
만큼,12
가능하다,12
계속,12
본,12
실제,12
하지,12
맥도날드,12
만든,12
거리,12
있지,12
앞서,12
최초의,12
맛있는,12
받는,12
경우가,12
이미지를,12
하네요,12
주고,12
걸어서,12
것도,12
넘게,12
있게,12
일반,12
개의,12
주는,12
설명했다,12
기차,12
각종,12
자신이,12
않는다,12
이들,12
27일,12
7월,11
사진을,11
있지만,11
사람이,11
맛을,11
양도,11
따라서,11
ㆍ,11
안에,11
사장님이,11
3년,11
높은,11
만에,11
저렴하고,11
없어요,11
떨어진,11
않았다,11
대중교통으로,11
합니다,11
어느,11
결국,11
등에,11
2월,11
의한,11
활동을,11
하나,11
갑니다,11
다음,11
㎡,11
찾기,11
알려져,11
못하고,11
정부는,11
어떤,11
이다,11
알,10
가지고,10
수도,10
마지막,10
후에,10
전에,10
군,10
한국의,10
하면,10
하루,10
분위기,10
나타났다,10
내부,10
채,10
전문,10
중인,10
보면,10
돼,10
고기,10
바,10
자전거,10
원으로,10
찾는,10
때문이다,10
그냥,10
많다,10
것에,10
하다,10
day,10
있었던,10
대통령이,10
주인이,10
올랐다,10
혹은,10
기간,10
이라며,10
때마다,10
가면,10
됐다,10
백화점,10
그런,10
남자,10
않다,10
하며,10
나,10
곳입니다,10
2006년,10
받은,10
과정에서,10
그렇게,10
때는,10
것이라는,10
온,10
인천공항까지,10
the,10
겁니다,10
좋다,10
면서,9
북한의,9
7일,9
무엇보다,9
대통령,9
없어,9
역할을,9
도움을,9
가진,9
일정한,9
이라는,9
열어,9
알고,9
12월,9
컴퓨터,9
해서,9
보였다,9
음식이,9
세,9
되지,9
빠른,9
강아지,9
걸,9
조선,9
음식을,9
위치한,9
달라고,9
없을,9
거리는,9
있던,9
〉,9
깨끗한,9
〈,9
자동차,9
2011년,9
처음으로,9
있어요,9
달,9
걸려,9
아닌,9
한나라당,9
대전에,9
영국,9
하나로,9
연속,9
이탈리아,9
나온,9
일단,9
누가,9
어린이,9
게임,9
시즌,9
점심,9
독일,9
다음과,9
되면,9
국물이,9
개,9
주인,9
미,9
만들어,9
공식,9
부산,9
불리는,9
보통,9
2005년,9
사람들이,9
들어,8
못한,8
10일,8
받을,8
우승을,8
사람은,8
11월,8
하여,8
양이,8
즉,8
별,8
곳이,8
등은,8
홈페이지,8
그래서,8
시켰는데,8
이와,8
직원,8
먹으면,8
맛있음,8
어린,8
중요한,8
모습을,8
나오고,8
찾아,8
좋아,8
20일,8
4월,8
배달,8
수밖에,8
봄,8
젊은,8
식당,8
받지,8
교육,8
대,8
중국의,8
의사,8
시장,8
대회,8
’,8
시작했다,8
영어,8
곳에,8
가는데,8
삼성,8
미리,8
양,8
매일,8
에는,8
했는데,8
kbs,8
당,8
혐의로,8
학교,8
앨범,8
이유로,8
명이,8
상당히,8
건,8
대신,8
손님이,8
절대,8
강남역,8
받아,8
도시,8
굉장히,8
원을,8
지,8
피자,8
마음,8
까지,8
왔다,8
보이지,8
갔는데,8
8일,8
알려주세요,8
이마트,8
떨어져,8
중이다,8
거쳐,8
친절해서,8
이제,8
맘에,8
기분이,8
의원,8
보다,8
성의,8
대해서는,8
전화번호,8
중심으로,8
아버지,8
따로,8
감독의,8
돈,8
방문,8
맛있었어요,8
줄,8
깨끗하고,8
하나은행,8
걸쳐,8
여성,8
그런데,8
실제로,8
나섰다,8
2003년,8
보니,8
커피,8
의하면,8
리그,8
싶은,8
뉴스,8
친절한,8
이들은,8
달하는,8
언제,8
계약을,8
강남대로,7
기본,7
넓은,7
다니는,7
했다고,7
그런지,7
자리를,7
장,7
시켜,7
티아라,7
좋아하는,7
많아,7
일,7
12일,7
뭐,7
파리,7
명의,7
가봤는데,7
경제,7
반,7
때까지,7
집에서,7
약국,7
제국의,7
보이는,7
시내,7
손님을,7
주세요,7
새로,7
아니다,7
손님,7
정부,7
외에,7
mbc,7
문제가,7
전용,7
일본의,7
제품,7
음식점,7
의원은,7
고기도,7
마음에,7
서비스도,7
크고,7
비롯한,7
한다고,7
오세요,7
그들은,7
한다는,7
국제,7
신경,7
다소,7
1월,7
막혀,7
맡고,7
주변에,7
말이,7
맛있네요,7
것이라고,7
왜,7
와서,7
길을,7
6일,7
감독은,7
5일,7
최종,7
정책을,7
스페인,7
가서,7
서비스가,7
앞에,7
사람을,7
24일,7
주시고,7
단,7
가게,7
아빠,7
해야,7
옛,7
하기,7
분들은,7
전망이다,7
대표,7
제주,7
가끔,7
당부했다,7
맛있지만,7
였다,7
점을,7
국가,7
불구하고,7
이끄는,7
이용해,7
사실상,7
나와,7
맛있는데,7
원의,7
지금까지,7
에서는,7
땐,7
기차로,7
깔끔하게,7
막히면,7
연,7
대학,7
도,7
대전역,7
대통령은,7
모르는,7
25일,7
무려,7
생활을,7
2일,7
유명한,7
소녀시대,7
스스로,7
나이,7
해당,7
초,7
▲,7
내일,7
들고,7
26일,7
사실을,7
택시,7
우리는,7
했으나,7
사건,7
쓴,7
수가,7
전혀,7
약간,6
일부는,6
상당한,6
정보,6
최고입니다,6
고기를,6
맡은,6
위하여,6
라며,6
16일,6
가격은,6
그리스,6
멀리,6
최초로,6
사이에,6
기회를,6
의견을,6
점점,6
1년,6
이렇게,6
가능성이,6
내년,6
2년,6
원장,6
경찰,6
of,6
결과를,6
뿐만,6
밤,6
주셔서,6
위치하고,6
시작으로,6
하는데,6
훨씬,6
리움,6
사람들은,6
관심을,6
사실,6
불린다,6
지난달,6
선생님이,6
1일,6
번째,6
11일,6
만,6
5개,6
비디오,6
축구,6
바다,6
아시아,6
보여주세요,6
kt,6
월,6
그를,6
프로그램,6
상대로,6
가니,6
했던,6
찾아주세요,6
아직,6
문제,6
경우에는,6
동영상을,6
신선한,6
어때,6
현상이,6
다음에,6
차로,6
맛과,6
사용하는,6
사용하였다,6
프랑스,6
결과에,6
유일한,6
생각,6
오고,6
불친절하고,6
고기가,6
남은,6
여자,6
밑반찬도,6
빛의,6
되자,6
연구,6
구성하는,6
전기,6
같습니다,6
오바마,6
있네요,6
없습니다,6
특별,6
금메달을,6
주장했다,6
생각이,6
병원,6
「,6
있기,6
몸을,6
스타벅스,6
한번,6
모습이,6
이란,6
점이,6
준,6
현재의,6
앞에서,6
즐길,6
더불어,6
14일,6
분위기도,6
푸짐하고,6
있으나,6
28일,6
아파트,6
한강,6
보도했다,6
앞으로,6
만들었다,6
없음,6
역대,6
다르다,6
팀,6
문제는,6
기존,6
북한,6
스마트폰,6
계기로,6
마니,6
」,6
되었고,6
기준,6
노력을,6
친절하게,6
사는,6
기준으로,6
않게,6
있었고,6
따른,6
활동하고,6
경부고속도로,6
됩니다,6
계획을,6
간의,6
적극,6
㎢,6
온라인,6
적이,6
준다,6
못했다,6
넓고,6
일품입니다,6
광주,6
방침이다,6
것과,6
의미를,6
뮤직,5
넘는,5
해외,5
가을,5
내용은,5
3개,5
끝으로,5
이명박,5
차이가,5
어디에,5
제공하고,5
전날,5
스타벅스까지,5
일을,5
내놓고,5
국물,5
㏊,5
저도,5
낮은,5
기술,5
함,5
시간을,5
사상,5
이상이,5
담긴,5
기분,5
기능을,5
포르투갈,5
많아요,5
미술관,5
준비하고,5
진하고,5
수는,5
규정하고,5
괜찮은,5
그가,5
기차타고,5
통한,5
통하여,5
판매하는,5
자리에서,5
운영하는,5
등에서,5
후에는,5
내용을,5
㎞,5
크다,5
곳은,5
한반도,5
전해졌다,5
아버지가,5
싶습니다,5
명예훼손,5
기업의,5
눈에,5
건물이,5
했고,5
중앙,5
쉽게,5
뭐야,5
방안을,5
전화,5
호주,5
간호사,5
되니,5
석양,5
많습니다,5
지정,5
빨리,5
평균,5
유로존,5
팀은,5
국민의,5
목,5
저는,5
가능한,5
어딨어,5
재료도,5
학생,5
방식을,5
대책을,5
위치해,5
느낄,5
말고,5
뛰어난,5
차지했다,5
국회,5
조사를,5
서비스는,5
갔었는데,5
정부와,5
꽤,5
구단,5
필요해,5
평소,5
않지만,5
필요가,5
형태의,5
인상,5
부족한,5
비싼,5
보여주시오,5
대표이사,5
않습니다,5
속도를,5
그렇지,5
사장님,5
나선,5
포함한,5
뒤에,5
뿐,5
글,5
좋지만,5
무료로,5
근처에서,5
제도,5
차가,5
해도,5
인구는,5
최고인,5
좋은데,5
관련해,5
원하는,5
되는데,5
싶을,5
강한,5
팀을,5
올드보이,5
친구,5
맛있게,5
살고,5
홍콩,5
이름은,5
서비스를,5
경기에서,5
이처럼,5
놓고,5
백두산,5
사이의,5
당초,5
논란이,5
방송된,5
보세요,5
관계,5
문을,5
나고,5
오른,5
경로를,5
기반으로,5
인테리어는,5
발표했다,5
나와서,5
들어요,5
음식은,5
수많은,5
이상의,5
주문,5
세우고,5
그에,5
키로야,5
상황이다,5
깊은,5
세력을,5
1차,5
운영,5
인천공항,5
정도의,5
방법은,5
근데,5
언제나,5
2개,5
모바일,5
1인당,5
속,5
교수는,5
벌어진,5
박,5
병원에서,5
공동,5
좋았습니다,5
라디오,5
강력한,5
현대,5
소주,5
일이,5
회사까지,5
드는,5
맛에,5
년,5
공격을,5
확대,5
먹으러,5
러시아,5
시원하고,5
아이유,5
모델,5
아무런,5
싸고,5
어렸을,5
구글코리아,5
지원을,5
여기에서,5
기술을,5
누구야,5
소비에트,5
방식으로,5
시장에서,5
지역에서,5
9일,5
개발,5
별도로,5
이같이,5
표준,5
일정,5
하게,5
회의,5
괜찮았어요,5
지금의,5
모두가,5
구글,5
드셔보세요,5
주목된다,5
직후,5
이탈리안,5
돈이,5
있음,5
별로,5
멀어,5
그대로,5
1986년,5
오랜,5
문제로,5
곧,5
매년,5
말한다,5
2002년,5
사회,5
사장님의,5
코스닥,5
깔끔한,5
열심히,5
다크나이트,5
등과,5
유럽,5
활동,5
중에서,5
만드는,5
이달,5
부드럽고,5
조직,5
배우,5
외에도,5
어디야,5
어디,5
사람들,5
걸리니,5
정확한,5
혼자,5
본격적인,5
특정,5
에너지,5
나타난다,5
감독,5
곳에서,5
받게,5
그녀는,5
다수의,5
이번에,5
하나는,5
안에서,5
한국은,5
추진하고,5
조치를,5
가족이,5
자세한,5
영국의,5
운동,5
정,5
기원전,5
맛있어서,5
얼마,5
밝혔습니다,5
이중,5
출신,5
8월,5
대구,5
꽃은,4
듯한,4
반찬,4
시절,4
조만간,4
종류가,4
연일,4
연방의,4
대통령의,4
작가,4
만만치,4
본사,4
추천합니다,4
△,4
신한은행,4
의하여,4
갑자기,4
새벽,4
1973년,4
공장,4
놓은,4
오픈,4
철저히,4
간단한,4
6개,4
외국인,4
30일,4
1997년,4
일하고,4
경기도,4
설명도,4
좋을,4
미치는,4
초기,4
1980년,4
갔다,4
수원,4
박사,4
노무현,4
하나이다,4
모여,4
관리하고,4
걸어가는,4
전년,4
선,4
초에,4
위치가,4
지원,4
때도,4
진행된다,4
안산,4
보내,4
그래도,4
발표한,4
막대한,4
씨는,4
버락,4
달러를,4
판매,4
싶네요,4
하락한,4
좋겠어요,4
간에,4
만날,4
아이들,4
보여준,4
출신의,4
서비스로,4
신뢰가,4
선보일,4
선생님,4
현지,4
종종,4
메시지를,4
솔직히,4
잊을,4
본선,4
문제를,4
제조,4
현,4
분도,4
프로젝트를,4
호텔,4
전쟁을,4
대해서,4
써비스,4
있니,4
강,4
앞두고,4
기관이다,4
환경이,4
스웨덴,4
기록한,4
재미있는,4
결혼,4
나온다,4
받으면서,4
추가로,4
것입니다,4
1999년,4
효과를,4
직원들,4
위에,4
그해,4
맞는,4
관련된,4
건물,4
쉬운,4
두루,4
비슷한,4
저녁에,4
먹어도,4
밤에,4
100m,4
감안하면,4
갖게,4
있었는데,4
판매를,4
18일,4
자세히,4
달러,4
구워,4
맺고,4
우리나라,4
대부분의,4
작업을,4
전부터,4
알리,4
이용한,4
고객을,4
상대적으로,4
형태로,4
방향으로,4
있냐,4
20세기,4
반찬도,4
태도를,4
이름,4
사이,4
이유가,4
3일,4
업그레이드,4
년간,4
사랑을,4
기록했다,4
프로,4
1994년,4
하더라구요,4
당일,4
박근혜,4
되며,4
발생하는,4
배달을,4
올림픽,4
나중에,4
입에서,4
과정을,4
검찰은,4
하나의,4
했더니,4
자유롭게,4
담은,4
대하는,4
글로벌,4
이때,4
점도,4
반면에,4
이제는,4
대규모,4
개인의,4
팀의,4
기업,4
울,4
기록이,4
세운,4
주유소,4
더욱더,4
한층,4
어디냐,4
했으며,4
이름으로,4
시키면,4
확정,4
내용의,4
현상을,4
아니지만,4
자기,4
21일,4
춤추는,4
맛볼,4
아울러,4
2배,4
월드,4
놀러,4
가능성을,4
2차,4
시설도,4
반지의,4
진한,4
꾸준히,4
sbs,4
세종시,4
말하는,4
치료,4
계획,4
얻었다,4
편인데,4
서울에,4
통산,4
차례,4
좋지,4
다섯,4
유명,4
육군,4
나름가수다,4
예쁘고,4
젤,4
시장은,4
증가,4
만난,4
통일,4
지역으로,4
들어간,4
가까이,4
성공을,4
차세대,4
줘,4
겨울,4
쓰는,4
얼마야,4
29일,4
구체적인,4
조,4
여성이,4
피해,4
경남,4
뭐가,4
일은,4
고기는,4
상태가,4
보여,4
단독,4
덕분에,4
통해서,4
주지,4
군사,4
분들이,4
보는,4
인데,4
방북,4
정상,4
아니고,4
의원이,4
회사가는,4
마치고,4
스코틀랜드,4
홈페이지를,4
5분,4
나타냈다,4
제품이,4
상태로,4
회를,4
만한,4
19일,4
메인,4
의견이,4
널리,4
기존의,4
만나,4
지금은,4
국내에,4
여행,4
얻은,4
전문가들은,4
변화를,4
강추,4
보입니다,4
현장을,4
국민,4
조기,4
무슨,4
이젠,4
이건,4
듭니다,4
선수,4
우려를,4
3.3,4
사,4
마음이,4
부담이,4
생각합니다,4
dj,4
참석한,4
코스로,4
느낌을,4
값도,4
수입,4
강남사거리,4
인적,4
못했던,4
해당한다,4
경쟁,4
유명하다,4
그룹,4
이동,4
대개,4
서로,4
맛있습니다,4
인,4
지도,4
15년,4
이루어져,4
대형,4
파일,4
교수가,4
우려가,4
괜찮아요,4
맞아,4
책을,4
대전역까지,4
편하게,4
주제로,4
기준이,4
보내는,4
흔히,4
데리고,4
지방,4
방법,4
회사에,4
사장,4
가고,4
적극적으로,4
순간,4
인기,4
원장님,4
일부를,4
분야,4
지낸,4
감독이,4
이로써,4
예전보다,4
사업,4
경찰은,4
경쟁력,4
경기를,4
건담,4
설명해,4
실질적인,4
이유는,4
현지시간,4
1팀,4
사항을,4
못해,4
거야,4
고소한,4
역을,4
부담,4
불친절한,4
관측도,4
귀여운,4
어려운,4
수준을,4
결정을,4
시설,4
상품을,4
오,4
이룬다,4
이라,4
걸려요,4
못할,4
선정에,4
사용하고,4
음식도,4
아래로,4
시작되었다,4
손을,4
제품을,4
열리는,4
by,4
쫌,4
먹는데,4
관심,4
차라리,4
소규모,4
잠시,4
아래,4
곧바로,4
오직,4
대책,4
법,4
가수,4
세종,4
뜻을,4
서부,4
22일,4
사용할,4
갖춘,4
오히려,4
검사,4
옆에,4
찾을,4
제공해,4
추천하고,4
30분,4
지하철,4
글을,4
eu,4
있었습니다,4
레스토랑,4
사장은,4
마음을,4
측은,4
거래되고,4
전체,4
슈퍼,4
시설이,4
기다려야,4
ceo,4
대한민국의,4
기아차,4
해요,4
이상으로,4
갈수록,4
진료를,4
적지,4
설계한,4
사용되는,4
대부분,4
기소된,4
고객,4
하였으며,4
건강에,4
북쪽으로는,4
여,4
가치가,4
찾아라,4
시에,4
먹어본,4
비,4
말까지,4
점차,4
남아,4
점에서,4
대만족입니다,4
같네요,4
애플,4
제2차,4
무한,4
여름엔,4
회,4
차이를,4
10년,4
운영하고,4
부상을,4
결론을,4
보이고,4
개발한,4
번호,4
현직,4
괜찮고,4
자동,4
갖추고,4
가지는,4
날,3
밖에,3
신흥국,3
주둔,3
군대를,3
영역을,3
일으켜,3
거리에서,3
거기에,3
보내고,3
방출된,3
나옴,3
해준다,3
롯데,3
유치,3
걱정,3
혐의,3
가량,3
나올,3
점,3
효율적으로,3
상세히,3
붉은,3
함께하는,3
이슬람,3
요소가,3
국토해양부,3
위치하여,3
광고를,3
것이었다,3
회는,3
늦은,3
지금도,3
위원장은,3
타선이,3
없었어요,3
소개했다,3
예전엔,3
방식이다,3
무대를,3
2000년,3
17일에,3
내부도,3
마실,3
기록해,3
최근의,3
불친절합니다,3
아는,3
1월에,3
어디쯤,3
동기,3
삼성생명,3
아닙니다,3
세차도,3
결정했다,3
할지,3
검찰에,3
학생들을,3
기본적으로,3
작품,3
듣지,3
주가는,3
20여,3
정책에,3
남인,3
인터넷,3
참석한다,3
빠르고,3
음식점이,3
이하로,3
초반,3
과연,3
등도,3
고스란히,3
목재,3
있나,3
명령에,3
1983년,3
중반,3
애들이,3
한국시간,3
다음은,3
전날보다,3
찾으시오,3
작아서,3
좋다고,3
이해가,3
아시안컵,3
길은,3
바이,3
내각,3
비롯해,3
있더군요,3
발언은,3
프로젝트,3
4분기,3
정보를,3
좋구,3
아깝네요,3
서,3
수출,3
skt,3
인사,3
이사,3
현재는,3
감,3
발전,3
일도,3
먹음,3
기록을,3
생각하는,3
정을,3
현재까지,3
남쪽에,3
고려해,3
전망했다,3
들어가,3
소속,3
시기에,3
주재,3
겸,3
저희,3
끝내주네요,3
육즙이,3
지정하여,3
달러의,3
15일,3
저속,3
걸릴까요,3
나와요,3
못하는,3
비록,3
그동안,3
자를,3
조지,3
나라의,3
높이고,3
때에,3
평가했다,3
이용하는,3
드라마,3
루이,3
선발,3
횟집,3
맞추어,3
좋아서,3
머리를,3
11개,3
9시,3
데가,3
아늑한,3
대학을,3
제임스,3
비추입니다,3
수익을,3
경상남도,3
참가,3
탕수육,3
내고,3
탓에,3
삼겹살,3
외국,3
mile로,3
선생님들도,3
곳곳에,3
조사료,3
기관이,3
전북,3
사람으로,3
프리미어십,3
삼아,3
차례에,3
부담을,3
누구냐,3
찰스,3
않아요,3
실시한다,3
국토부,3
사용하여,3
애들,3
몰라도,3
국채,3
시스템,3
모아,3
있을까,3
분야에서,3
주면,3
방법을,3
구조를,3
쓰지,3
그릇,3
목표로,3
그림책,3
북한에,3
칠레의,3
분들,3
적,3
자녀를,3
야구,3
없었다,3
매주,3
달했다,3
두산,3
비린내,3
탔다,3
와인,3
직원으로,3
바랍니다,3
임기,3
정신,3
업체,3
생산,3
분들도,3
차,3
기차를,3
세련된,3
덧붙였다,3
지역에,3
시민의,3
충분한,3
1분기,3
창시한,3
이번에는,3
1명이,3
결정은,3
컴퓨터를,3
이른다,3
아님,3
나름대로,3
계획에,3
관계를,3
지역이,3
마침내,3
조미료를,3
적발됐다,3
5년,3
강남구,3
기반이,3
2위,3
못하지만,3
후의,3
검찰이,3
닭이,3
출신이다,3
계속되고,3
설치,3
편하고,3
태종,3
수사를,3
이들의,3
제시했다,3
끝에,3
같은데,3
사회적,3
넣어,3
싸게,3
모임,3
기본으로,3
표현할,3
다양하고,3
영화를,3
자격을,3
스타벅스가,3
비싸지,3
크리스마스,3
반응은,3
정갈하고,3
분은,3
자료를,3
인천,3
음식과,3
운동에,3
주변의,3
등이다,3
싼,3
책은,3
중국인,3
아이들이,3
앞,3
대학에서,3
확인,3
2회,3
팀이,3
확보를,3
그저,3
동메달을,3
열기가,3
경우는,3
마지막으로,3
해주세요,3
경찰에,3
강원,3
성장이,3
닭,3
기온이,3
항공기,3
설치되어,3
편히,3
참여,3
리복,3
국보,3
아들,3
어디서,3
1871년,3
사업이,3
이었다,3
빚을,3
공간이,3
녹아요,3
1974년,3
가요,3
전자,3
별명을,3
직전,3
여행을,3
드,3
정식,3
바탕으로,3
끝내줍니다,3
거기서,3
도로,3
동일한,3
연구에,3
달에,3
예상된다,3
딴,3
생긴,3
1931년,3
요인이,3
이어져,3
이며,3
잔,3
기다리는,3
끼고,3
변함,3
강화를,3
보게,3
생생한,3
때에는,3
국,3
검사가,3
교육의,3
핵심,3
유지하는,3
생활,3
권력을,3
사람들의,3
다신,3
모습이다,3
족발,3
시간은,3
뮤지컬,3
힘든,3
임시,3
뒤로,3
금,3
화가,3
즐겨,3
최소,3
심지어,3
거꾸로,3
편,3
가득,3
맨체스터,3
삼성전자의,3
혐의를,3
기록,3
내의,3
g20,3
백신,3
떠오른,3
사무실,3
태도가,3
불법,3
다툼으로,3
허위사실,3
목숨을,3
오븐에,3
동상,3
웃음을,3
물고기를,3
맥을,3
추진한다,3
갈등을,3
사례는,3
내년부터,3
뚫는,3
사과,3
죽은,3
바다가,3
a,3
강력,3
회장,3
잔뜩,3
예고편을,3
역으로,3
2010년에는,3
번이나,3
포함된다,3
그럼에도,3
먹던,3
스페인의,3
인구,3
전망된다,3
타격을,3
구축을,3
오래된,3
혹시나,3
초청,3
잠을,3
디폴트,3
상황을,3
가족,3
들여,3
종사,3
민선,3
분기,3
전반적으로,3
㈜,3
광고,3
울산,3
설치된,3
위안화,3
it,3
감자탕,3
개별,3
개막전에서,3
교통상황,3
권리를,3
수준의,3
단점은,3
주차장,3
수십,3
1925년,3
중소,3
평화와,3
메뉴가,3
일로,3
삼성전자는,3
결과가,3
걸린,3
일어난,3
마이크로소프트,3
평가를,3
싱싱하고,3
모르고,3
힘으로,3
건강을,3
그린,3
지나,3
무한도전에서,3
23일,3
이야기,3
정상적으로,3
계약,3
동네,3
맛있었습니다,3
쪽으로,3
오래,3
공연,3
산,3
않으며,3
최악의,3
상황에서,3
현재위치에서,3
메뉴,3
비디오를,3
해주고,3
조용히,3
천연가스,3
1950년,3
맛있다,3
증가하고,3
윤,3
이어질,3
살살,3
이내,3
장비가,3
싶어요,3
끝까지,3
돈을,3
판,3
기본적인,3
소련,3
손,3
1회,3
이후로,3
공항,3
4번,3
사람들에게,3
의미한다,3
발전을,3
로마,3
누르고,3
소이현의,3
바오로,3
미스터,3
3만,3
최,3
스포츠,3
짱입니다,3
대전으로,3
반드시,3
원인을,3
홀에서,3
절반,3
신중하게,3
집은,3
시스템을,3
afc,3
논의가,3
매번,3
설치할,3
애플리케이션을,3
차기,3
요즘,3
그리스의,3
훈련을,3
사장님께서,3
서쪽,3
한마디로,3
양에,3
최근에는,3
국내외,3
올라,3
대대적인,3
13일,3
협력,3
위에서,3
고유,3
저서,3
버스,3
제주는,3
계획이,3
상실한,3
적당한,3
있었으며,3
상황,3
주장을,3
이같은,3
앤,3
목적으로,3
다가오면서,3
이상을,3
내는,3
잘못,3
곳이다,3
몸에,3
기린,3
모시고,3
더할,3
다양하게,3
봤는데,3
책임을,3
영화의,3
2001년,3
직원들이,3
msn,3
할인,3
왕으로,3
리비아,3
올렸다,3
상담을,3
이루고,3
가능성도,3
수백억,3
진학,3
마일,3
북,3
게다가,3
북쪽으로,3
위치를,3
최고예요,3
향후,3
국방,3
내용이,3
반찬은,3
의혹을,3
4일,3
공사를,3
동안의,3
결정된다,3
에게,3
총독부,3
수학,3
사건을,3
연결하는,3
실내,3
비교적,3
않을,3
데뷔,3
제2회,3
나란히,3
미국과,3
여러가지,3
바뀔,3
최고라고,3
이것을,3
9일에,3
할머니가,3
황,3
섬유,3
받았으며,3
화장실,3
필요,3
싶다,3
정당의,3
친절하세요,3
지지를,3
문제도,3
받기,3
보안,3
동쪽으로는,3
없었던,3
구성되어,3
일에,3
1928년,3
넣고,3
거대한,3
최고에요,3
교통의,3
힘이,3
안되고,3
동영상,3
mnet,3
겨울에,3
수상하였다,3
조금씩,3
완전히,3
성과를,3
여부를,3
입력,3
생각을,3
기대를,3
느껴지는,3
치열한,3
업무를,3
보러,3
사용된다,3
증가했으며,3
1985년,3
양은,3
미국은,3
도쿄,3
길로,3
좁은,3
주장하는,3
버스로,3
기록하였다,3
아이를,3
원칙으로,3
맛나요,3
만나기,3
중에는,3
6월부터,3
만들거나,3
걸리나요,3
절반을,3
승강장,3
지명,3
대상,3
오스만,3
키,3
되면서,3
있는지,3
얘기가,3
써,3
경기가,3
귀중한,3
금액,3
포함하여,3
내용으로,3
혜택을,3
별로입니다,3
위험한,3
다르게,3
정도입니다,3
리뷰,3
가본,3
작년,3
지점,3
그들이,3
여전히,3
그들의,3
우승,3
부르는,3
삶을,3
물이,3
대체로,3
베이징,3
먹어봤는데,3
매운,3
히로시마,3
집이,3
주인공이,3
회사가,3
본질을,3
한해,3
나무,3
트위터,3
도시의,3
높이,3
부처,3
경제적,3
박지성,3
이전에,3
법을,3
싶은데,3
없는데,3
놀,3
갤럭시탭,3
다음달,3
미국에서,3
lg전자,3
즉각적인,3
포털,3
공무원,3
1.3,3
야채를,3
쉽지,3
마인드가,3
반대로,3
추억을,3
싶어,3
맛집,3
경로,3
감독으로,3
생명을,3
사전,3
길안내,3
치렀다,3
인심이,3
타이어,3
늦어도,3
데는,3
분들에게,3
통틀어,3
gee,3
밑에,3
밥,3
받았습니다,3
초대,3
데이터,3
가족끼리,3
스트리트뷰로,3
규제,3
라이즈의,3
조용하고,3
이용하기,3
확보한,3
땅에,3
오르고,3
난,3
대접,3
정직한,3
충분히,3
열고,3
맞춰,3
지역은,3
음식에,3
가격대가,3
먼,3
사람의,3
for,3
기계,3
출범한,3
백화점에,3
제공하는,3
맞춘,3
이후의,3
문화를,3
데이터를,3
중시하는,3
방송,3
고기의,3
자체,3
설립,3
tv,3
짜고,3
불편한,3
종의,3
가세요,3
도미노,3
만족합니다,3
우수한,3
단골,3
중세,3
용어가,3
세페이드,3
영웅,3
아름다운,3
자리에,3
재료를,3
생각하고,3
주에,3
높이기,3
장편,3
준우승을,3
영업을,3
물에,3
돼지고기,3
중소기업,3
갔다가,3
도움이,3
1등,3
1951년,3
미친,3
있었다는,3
도와주는,3
바란다,3
별도의,3
매장,3
만나게,3
좋구요,3
장면,3
대표적인,3
덴마크,3
대회에,3
작품으로,3
대목이다,3
신선하고,3
가야,3
포함하는,3
변경되었다,3
명,3
말해,3
남겼다,3
들어설,3
때의,3
중심의,3
지사,3
비싸지만,3
주전,3
결과로,3
정신이,3
때부터,3
전파를,3
짜장면,3
전문가들이,3
떠나,3
쓰이는,3
시험을,3
국가에,3
심각한,3
장난,3
약한,3
적어도,3
가족과,3
질,3
세계의,3
설명할,3
s,3
옮겨,3
그려져,3
black,3
강이,3
않았고,3
angle,3
킬로,3
지하,3
1.1,3
후보,3
썼다,3
위,3
조건으로,3
추진할,3
이르는,3
원빈,3
향한,3
인접해,3
그만큼,3
앞이라,3
맛잇게,3
영입을,3
관심이,3
학교에서,3
이곳은,3
조사,3
일어났다,3
주식,3
2004년,3
겨냥한,3
1위로,3
강추합니다,3
편의,3
업체로,3
의원의,3
활약을,3
옆,3
이하,3
사용되고,3
말은,3
연기,3
크림,3
부인,3
여기가,3
얼마큼,3
주신,3
존,3
인근,3
아침에,3
빠져,3
전국에,3
위해서는,3
좋아하시는,3
병원이,3
하니,3
이끌었다,3
알려진,3
일부러,3
노래,3
인기가,3
잡았다,3
세금,3
지역의,3
날이,3
여느,3
전후,3
김정일,3
운전자,3
없다는,3
집입니다,3
코,3
둘러싼,3
아침,3
이야기를,3
소속사,3
옛날,3
프로농구,3
거주하는,3
어린이들을,3
프로야구,3
만들어진,3
남산타워,3
성과,3
않아서,3
재직,3
존재한다,3
전망,3
활약하고,3
주인공은,3
춘천,3
준비를,3
이곳에서,3
단체,3
너무나,3
찾고싶다,3
주인장,3
남쪽,3
왕,3
훌륭한,3
센터,3
2tv,3
뽀로로,3
차량,3
전화번호는,3
부분은,3
은행,3
대한항공,3
연장을,3
증가를,3
없네요,3
면적은,3
캐논,3
알루미늄,3
기대,3
월드컵,3
친,3
백화점까지,3
입장을,3
김치,3
실시하는,3
종목을,3
데에,3
제왕,3
만들고,3
출연했다,3
밝히지,3
화려한,3
왔다가,3
정도이다,3
남,3
극적으로,3
오카다,3
살,3
시원한,3
게임을,3
타,3
앞으로도,2
발생,2
큽니다,2
음악에,2
모자,2
지급,2
강화하는데,2
시대,2
준비,2
불편합니다,2
해보고,2
받아본,2
것이어서,2
은퇴,2
그러자,2
cm,2
짱,2
출연,2
생각보다,2
원에,2
특히나,2
원하고,2
벗어나,2
피할,2
흩어져,2
대해서도,2
선제골을,2
구축에,2
캘리포니아,2
건의하였다,2
중심,2
주사,2
히다카,2
규정에,2
정책,2
적고,2
하나도,2
최고위층을,2
비용이,2
고등학교,2
투자,2
준비가,2
사건은,2
입맛이,2
저녁,2
바르셀로나가,2
회에,2
내려오는,2
론,2
들어있는,2
jendrassik,2
첨단,2
주석은,2
인간은,2
막히는데,2
내달,2
친정,2
최고인민회의,2
듯하네요,2
중이던,2
헨델,2
제출할,2
언급한,2
대기업,2
클레오파트라,2
물어보니,2
횡령한,2
트렁크,2
없게,2
고려하면,2
반해,2
경력,2
보았다,2
26일에,2
당장,2
화성의,2
글러브상,2
1966년,2
코러스,2
지상역이다,2
공업이,2
태풍은,2
대표와의,2
귀족,2
자국이,2
선수가,2
법률,2
신체,2
선거에,2
전교조,2
좋으시고,2
13년,2
깔끔해요,2
말하기,2
싱글로는,2
부여하고,2
자원이,2
담당,2
일주일에,2
신속하고,2
시각,2
분석했다,2
주변에서,2
했어요,2
우승에,2
타자,2
1군,2
출력,2
비핵화,2
가까워서,2
착해서,2
들었어요,2
계단이,2
수리를,2
누구든지,2
아줌마,2
대변인은,2
전체적으로,2
아버지를,2
앞섰다,2
겨우,2
측정하는,2
이웃들을,2
전복,2
휴대폰,2
서열체라고,2
형제는,2
알레산드리,2
질리지,2
외환은행,2
조선민주주의인민공화국,2
초밥집,2
공채,2
결승,2
장을,2
모양새다,2
개인적으로,2
1995년,2
실질적으로,2
100명이,2
남습니다,2
많이들,2
물건을,2
깜짝,2
편이다,2
종업원은,2
높게,2
tom,2
점은,2
기억에,2
명망,2
일찍,2
신호를,2
은상,2
어제,2
자란다,2
1954년,2
어렵다,2
주차장이,2
찾아간,2
걸스의,2
12일에,2
타이완,2
랭킹,2
군에,2
아들로,2
입는,2
규제를,2
나누는,2
강조했다,2
확대할,2
유네스코,2
중요하다,2
알아,2
가족의,2
꼽히는,2
장관은,2
나이키,2
2팀,2
정식으로,2
빵점입니다,2
미디어,2
호치,2
페리의,2
집으로,2
초등,2
매콤한,2
소식통의,2
진행,2
사장을,2
수당,2
반영하여,2
있다면,2
아시안,2
맥도날드로,2
양자로,2
우주,2
행동,2
플레이어가,2
선한길,2
예를,2
실시된다,2
1970년,2
각국,2
아깝지,2
중요하게,2
코스에서,2
사망,2
알바,2
즉석,2
위치한다,2
1962년,2
뉴발란스,2
출발,2
외국인과,2
저렴하게,2
지방선거,2
살리기,2
사장의,2
다하겠다,2
구,2
비해서,2
예상됐다,2
이웃에게,2
버디,2
왔습니다,2
공작,2
맛있다고,2
행성이,2
챔피언스리그에,2
강하게,2
거부하고,2
주문해,2
일본에,2
hd로,2
콩국만,2
공정하고,2
벌이던,2
단체의,2
있으면,2
장동건의,2
예상되고,2
중심기압,2
세웠다,2
기초를,2
눈,2
위치,2
작용하고,2
조선을,2
아쉽게도,2
맛집으로,2
후보로,2
천황의,2
논의의,2
혈족의,2
손으로,2
보자는,2
사업과,2
나눴다,2
책에,2
무제한,2
레이,2
메스의,2
신인,2
단체는,2
잘해주세요,2
점검하고,2
친절히,2
징역,2
0.5,2
이용하지,2
임대,2
모습으로,2
굿,2
경영,2
상황이라는,2
뼈가,2
등장하는,2
인도,2
가보고,2
단일화,2
제2,2
떨어지는,2
2세대,2
즉시,2
왔구요,2
순두부,2
있을지,2
세워져,2
크기에,2
국민당의,2
수준은,2
이들을,2
걱정했는데,2
전구,2
준결승에,2
로마에,2
줘서,2
네덜란드의,2
아이비리그,2
유럽에서,2
지원한,2
자리,2
부대시설도,2
오신,2
장소,2
맞힌,2
스타디움에서,2
이름을,2
바삭하고,2
많을,2
암튼,2
것처럼,2
5월까지,2
방문하시면,2
기념하기,2
박태환,2
세계에서,2
후반기에는,2
치를,2
없었고,2
자신들이,2
것인데,2
선정,2
주교,2
시작할,2
이르기까지,2
달러로,2
웃는,2
양의,2
무거운,2
시험은,2
여러분의,2
축제,2
결제,2
검토,2
미야노,2
인터뷰에서,2
허가,2
오늘날에는,2
평화를,2
현행,2
0.1,2
100일,2
중화인민공화국,2
종교,2
기념사업회,2
로열,2
번이,2
구사하는,2
등록,2
1914년에,2
선두를,2
아이가,2
함부로,2
높았다,2
관리는,2
제기하고,2
손님들을,2
떠,2
목요일,2
마련해,2
인물이다,2
순으로,2
작품이다,2
장소에서,2
tax,2
pizza,2
때때로,2
정성이,2
영,2
차량으로,2
하나다,2
시장에,2
상황이었다,2
바다로,2
관광지,2
올리면서,2
미치지,2
주차,2
조림,2
붙어,2
마무리,2
뮤직비디오,2
가네요,2
mmo,2
부드러워서,2
ii,2
새롭게,2
사망하자,2
이동이,2
라,2
홈,2
사진이,2
교과서에,2
설계하였다,2
세심하게,2
결과는,2
접하고,2
전략적인,2
pc에,2
느끼하지,2
조건을,2
끝나는,2
번씩,2
당의,2
대표회의,2
l.,2
동,2
포수의,2
보시면,2
늘,2
장사가,2
어리석은,2
학년,2
다니다가,2
앨범은,2
가입을,2
만족도가,2
1965년,2
수수료는,2
가벼운,2
콘서트가,2
지도부,2
방법이다,2
민주노동당에,2
여긴,2
공부하고,2
주차할,2
서울시는,2
알바생이,2
양심적인,2
없기,2
실천,2
도입한,2
감각을,2
착한,2
야채,2
고문을,2
대략,2
짧은,2
30년,2
예의,2
사랑,2
왠지,2
강세를,2
연한,2
비로,2
소고기,2
죽음보다,2
시에는,2
때가,2
감독을,2
22개,2
상반기,2
제1기생은,2
lg,2
커피도,2
식사하러,2
악한길,2
그렇고,2
안고,2
2007년과,2
시민이,2
물체를,2
본관은,2
언론인은,2
신임,2
경로당,2
대결이,2
로고,2
지위를,2
찍은,2
끊임없이,2
공산이,2
a조,2
검색해줘,2
사랑과,2
않은가,2
걷는,2
사고로,2
여기에는,2
살아있는,2
부근,2
fc,2
그러면서,2
강의,2
대학생들이,2
시도하고,2
주민,2
매운탕도,2
본인에게,2
유기적인,2
서리가,2
손쉽게,2
조미료,2
확대하는,2
불거질,2
연간,2
엔진은,2
떨어졌다,2
교회의,2
측면을,2
선생의,2
한계가,2
들어갔는데,2
짬뽕이,2
증상이,2
강도를,2
판매도,2
발생하고,2
형,2
최강희,2
종업원과,2
그것도,2
역사,2
대부분은,2
진행되었다,2
대표하는,2
단순,2
행동이,2
담당할,2
모듬,2
전문가는,2
나눠,2
시트콤,2
레스토랑이,2
팬,2
양키,2
박정희가,2
수익은,2
순수,2
직장,2
소유한,2
집까지,2
말하며,2
믿을,2
일본을,2
단기,2
1000명,2
보답할,2
요르단의,2
개선은,2
판단,2
저장,2
예전의,2
4기,2
1910년,2
축구대표팀,2
이용되는,2
섀플리는,2
병렬,2
드시고,2
다짐이,2
수상하는,2
예능,2
알려지게,2
샤를,2
식당은,2
콧구멍,2
외부에서,2
직종에,2
즐기는,2
표준이,2
주민의,2
어렵다는,2
브랜드,2
개시한,2
우승한,2
나름,2
프로축구,2
법에,2
사러,2
설립된,2
폭발의,2
누구나,2
강풍반경,2
5월부터,2
문자의,2
동지가,2
비디오가,2
3세대,2
달러에,2
처리가,2
열,2
자료에,2
인기를,2
유령,2
활동으로,2
대신에,2
최종적으로,2
불화로,2
번호표,2
동네에서,2
형태를,2
존재하지만,2
야구부,2
강심장,2
분이,2
이쁘고,2
인정하지,2
작품을,2
싸가지,2
진행하면,2
제1회,2
끝난,2
짬뽕,2
요구를,2
민주주의의,2
정상적인,2
신뢰,2
개념의,2
만두가,2
인도를,2
판결을,2
하자마자,2
스포츠카,2
손권,2
최신,2
맞붙는다,2
재산의,2
노래방,2
1세대,2
과정에,2
이승헌,2
관계자들은,2
이후에,2
아저씨도,2
누구더라,2
보도를,2
개발이,2
시민들이,2
북부,2
커버를,2
매출액이,2
서울에서,2
자살,2
곳곳에서,2
70~80,2
관해서,2
연료로,2
일반적인,2
찾아봐,2
정규,2
실적을,2
들이,2
치른,2
모래,2
나타나,2
재정,2
k리그,2
서울에는,2
에너지의,2
짬뽕도,2
walkinshaw,2
자세로,2
급증했다,2
닭을,2
제공하기,2
준비에,2
자는,2
일하는,2
골프,2
차이는,2
fbi,2
고용,2
괜찮은데,2
졸업했다,2
종목,2
마친,2
건설,2
식어서,2
게재,2
검찰,2
예상,2
까다롭기로,2
입성했다,2
꿈을,2
관리를,2
많았고,2
길이가,2
실내와,2
어린이들이,2
오셔서,2
비교가,2
국토해양부는,2
보고싶다,2
사건이,2
먹었더니,2
걸친,2
매몰지,2
이전을,2
경찰을,2
경우에,2
이하까지,2
피부,2
경우도,2
출범,2
분양을,2
남자를,2
국내기업은,2
신축,2
쾌적하고,2
원장님이,2
수정,2
1심,2
문화재,2
지인의,2
경치도,2
리필이라,2
마을에서,2
무렵에,2
상황은,2
작성한,2
요금,2
신선하게,2
결정하는,2
떨어지고,2
시작하였으나,2
무게,2
불꽃의,2
담배,2
역사에,2
편입되었다,2
달라,2
경쟁력을,2
제지,2
음악도,2
음악은,2
받아도,2
민영주택,2
만남이,2
참여정부,2
훈훈한,2
데뷔하였다,2
라이브,2
중종의,2
고문,2
참여하였다,2
ℓ,2
레알,2
선발로서,2
뜨거운,2
공군의,2
돌아갔다,2
수술을,2
열정이,2
오른쪽,2
높이가,2
서쪽으로는,2
1963년,2
지어진,2
보장,2
지어,2
교황권을,2
분명,2
비용을,2
증가했다,2
방문하여,2
제공,2
대해선,2
고객들의,2
진심,2
주목,2
소련은,2
1978년에,2
수술,2
회장이,2
구매하는,2
아끼지,2
위반,2
합성수지,2
전국에서,2
개념을,2
코치직을,2
상장은,2
진행될,2
전망도,2
최대풍속,2
속도로,2
2세를,2
때문이라고,2
않기,2
방법이,2
계좌로,2
징계를,2
7개,2
임시조치,2
멤버,2
시민은,2
현판을,2
상하이종합지수는,2
드세요,2
시상,2
장기,2
하였는데,2
주기,2
옛날에,2
반도,2
엔진의,2
기네스,2
10시,2
운영이,2
지구의,2
지니고,2
접속하여,2
실망시키지,2
받아서,2
괜찮지만,2
불허된,2
무너져,2
안전한,2
초등학교,2
알선수재,2
정도는,2
울고,2
강추입니다,2
부담스러운,2
그리하여,2
시키세요,2
super,2
투표를,2
중도금,2
편에,2
소문이,2
그렇다,2
막창,2
고양이,2
법가의,2
가시면,2
서울특별시,2
말하고,2
골라,2
우승하기도,2
나섰던,2
시스템은,2
거친,2
추가적인,2
주방이,2
형성된,2
지형이,2
우편으로,2
영예의,2
쪽에,2
보기도,2
효과가,2
활동에,2
매각되었다,2
그녀가,2
해결과,2
기회가,2
멈추지,2
발표,2
요구했다,2
친박,2
이하의,2
음식에서,2
200m,2
접속,2
사형을,2
볶아,2
승리를,2
이리저리,2
외교통상직,2
적극적,2
좋음,2
시대의,2
권리가,2
상품,2
약체,2
1901년,2
방문해보세요,2
카드,2
케이트,2
평가,2
지상,2
좋게,2
평범한,2
공모를,2
톰,2
만이다,2
독일로,2
경상도,2
국내에서,2
신뢰할,2
종로,2
믿음이,2
워즈니악에게,2
살아,2
시위를,2
4개,2
진행됐다,2
교통상황을,2
옥수수,2
늘어날,2
단순한,2
유지하기,2
장승포동,2
프랑스로,2
생산된다,2
전망하고,2
달까지,2
수상,2
이미지가,2
행동하면,2
자크,2
있어왔다,2
임금,2
내국세,2
한편으로는,2
지하철로,2
장사,2
운명을,2
주가,2
어린이집,2
있음을,2
1996년에,2
욕망의,2
전년대비,2
설,2
이뤄지지,2
커피의,2
리뷰를,2
나머지,2
버렸다,2
있었을,2
첨엔,2
합리적인,2
살레,2
ㅜ,2
맛있었는데,2
햄버거,2
강화와,2
동쪽으로,2
타이,2
잘못을,2
프랑스는,2
대한제국의,2
포커스를,2
에펠타워,2
…,2
동아일보,2
높다,2
서인,2
마리아,2
친절함,2
느꼈다,2
제국은,2
다이아몬드,2
더한,2
투쟁이,2
복잡하게,2
우주가,2
가야돼,2
문,2
간부급,2
웬만한,2
회원들이,2
저자는,2
미군,2
금액을,2
아일랜드,2
원짜리,2
된장찌게,2
이밖에,2
정보도,2
국내산,2
주니어,2
8명을,2
위치하며,2
가야금,2
속한,2
소용돌이,2
공식적으로,2
앞으로의,2
제5회,2
미니홈피,2
종합편성채널,2
親,2
배달하시는,2
합격해,2
밝혔다고,2
bc,2
자랑하는,2
화면에,2
기업들이,2
1923년,2
퍼팅은,2
민주당의,2
가치를,2
메신저,2
발달할,2
유,2
걸즈,2
ㅋㅋ,2
이룬,2
사건의,2
중남미,2
힙합,2
부분,2
이용객이,2
재미를,2
면은,2
오래되서,2
기름,2
느낌,2
영업이익이,2
법무법인,2
선택이,2
아마도,2
덤으로,2
확실한,2
내용물이,2
가족들의,2
마치,2
확인했다,2
부산에,2
천,2
죽을,2
그만한,2
아쉽지만,2
구별되는,2
항공,2
맞을,2
주사를,2
노력이,2
알려진다,2
만리장성은,2
전세,2
밝혀,2
리비아에,2
호텔로,2
집단,2
속에,2
고민을,2
농가들의,2
전화를,2
연휴,2
수년,2
카드로,2
나면,2
다룬,2
명을,2
인체,2
냄새,2
과학적,2
시민,2
자루그물,2
농업정책의,2
러셀,2
냄새가,2
형편이,2
매수,2
것들이,2
관계에,2
사후,2
저소득층,2
마련하기,2
국가보안법이,2
대응해,2
1915년,2
환경,2
작성,2
넉넉한,2
sk의,2
먹은,2
맘,2
되찾아,2
하이트,2
담겨,2
어려움이,2
많았다,2
몸의,2
설명을,2
1919년,2
유치를,2
10일에,2
확대된다,2
개선하고,2
비쌉니다,2
2011년도,2
뒤집는,2
전망됐다,2
짐,2
별다른,2
시작하였고,2
기록하고,2
가족을,2
2015년까지,2
참고로,2
내렸다,2
동계,2
띈다,2
음악과,2
조사하고,2
병원에,2
전두환,2
성적을,2
이끌고,2
동영상은,2
마칠,2
자식이,2
기자가,2
방침을,2
이탈리아와,2
리필에,2
일부가,2
고리,2
공공,2
식당에서,2
당국자들은,2
한솥,2
나위,2
이카로스가,2
역삼동,2
등장하는데,2
손실을,2
점심에,2
기관을,2
현실이다,2
금품을,2
낳게,2
오줌을,2
딱,2
정리되었다,2
작품의,2
오페라,2
해안을,2
종류의,2
듯해요,2
피내용,2
도로를,2
있긴,2
벌였다,2
배달시키면,2
진행한다,2
뽂아,2
던져,2
안된다,2
줄었다,2
에어,2
소속이며,2
바래요,2
입지가,2
커피전문점이,2
단종,2
먼저니,2
접한다,2
잦아,2
신춘문예에,2
구성된,2
생각만,2
찾아온,2
산지의,2
중엔,2
메뉴를,2
직렬,2
팝스,2
영토가,2
겨울은,2
지방에는,2
이곳을,2
들었다,2
종교의,2
17세기,2
거리를,2
직원이,2
작년보다,2
dj는,2
유일하게,2
어드레스,2
장려하기,2
종목이,2
1만,2
간부,2
싱크대,2
추석,2
신주쿠,2
맡았다,2
엄영춘이,2
국가대표,2
총량의,2
란,2
기름이,2
마라토너,2
권으로,2
위원장,2
소머리,2
엠카운트다운,2
커티스는,2
아저씨가,2
점이다,2
포격,2
고려,2
가보세요,2
바꿔,2
먹기,2
어촌정주어항으로,2
잇어서,2
규모,2
자꾸,2
말하면,2
잇는,2
올해로,2
신주,2
하고요,2
한다면,2
코엑스몰,2
마이크,2
다카기가,2
필요하다,2
번은,2
중국이,2
압력을,2
협회,2
전성기를,2
감독과,2
인사를,2
사실과,2
해석이,2
취할,2
감사원은,2
아버지에게,2
무사히,2
시청자들의,2
스카이,2
나이에,2
때로는,2
실망이,2
선보이고,2
증명사진을,2
드셨나,2
자리잡고,2
튀긴,2
넘어,2
갖는,2
꼬리,2
현장의,2
검찰을,2
여름방학을,2
짜,2
관련이,2
1934년,2
엄마들이,2
뜻으로도,2
분뇨수집,2
이야기로,2
미술은,2
㎍,2
가량이,2
대한민국은,2
강남,2
본격적으로,2
건축을,2
매력,2
상하이,2
탁월한,2
조합원들은,2
어재연,2
대회는,2
입원,2
도서관을,2
포함되어,2
동네가,2
입자가,2
재판부는,2
황제,2
이어지면서,2
대량,2
내구,2
네,2
1978년,2
드시지,2
홍보를,2
마음으로,2
곳이란,2
구성된다,2
서쪽으로,2
활발하게,2
항성,2
공군은,2
대부분이,2
열려,2
아이언,2
2명을,2
벌여,2
이어가는,2
동안에,2
전속,2
clear,2
교수를,2
건립,2
정치자금법,2
2층,2
그랜저,2
재산이,2
박정희,2
앨범을,2
아파트에,2
얼굴이,2
저명한,2
변신은,2
빠지고,2
아닐까,2
위생이,2
재미도,2
범죄를,2
얼굴을,2
로또,2
프톨레마이오스,2
재위,2
원장은,2
오브,2
의미가,2
아웃도어,2
영양,2
브라이언,2
모리,2
사장이,2
인하여,2
1993년,2
자신을,2
물,2
남쪽으로는,2
때보다,2
밝혀졌다,2
변동성이,2
만들어서,2
대학교,2
금액이,2
청정,2
닭갈비,2
극복하기,2
떠나기,2
바쁠,2
지휘하는,2
안철수연구소,2
무엇을,2
오시면,2
생존,2
묘사되어,2
토마토가,2
사망한,2
나갔고,2
양전자를,2
혼합,2
획득했다,2
참석,2
가도,2
수사,2
부품,2
아쉬움을,2
그와,2
문제에,2
딱딱한,2
행사에는,2
존재하지,2
음악,2
지속적인,2
지정하는,2
요구할,2
이르고,2
사면,2
초당,2
나선다,2
허정무,2
요구하는,2
늦어,2
어디로,2
나왔다,2
입었다,2
직격탄을,2
국민들은,2
협의해,2
주문하고,2
바로크,2
여러분,2
보장해,2
패밀리,2
아주머니가,2
기억이,2
서비스에,2
되기도,2
매력이,2
말라는,2
연이어,2
정해진,2
지나면,2
끊이지,2
면담,2
되어서,2
일각에서는,2
동국대학교,2
케잌도,2
건설신기술,2
비율은,2
친절하시네요,2
높고,2
채권이나,2
의의를,2
근처의,2
말부터,2
부르고,2
미치게,2
태아,2
전남도청,2
계속하면,2
씽크대,2
밝고,2
라이벌,2
생활비를,2
먹었어요,2
나왔어요,2
피해야,2
등지에서,2
개념이,2
국경을,2
백색,2
언론에,2
졌다,2
사용,2
지원이,2
업계,2
한데,2
튀김,2
주도했다,2
30유로는,2
도지사,2
돈에,2
유럽연합,2
속으로,2
본격,2
급격하게,2
이곳에,2
찾지,2
품질은,2
장소인,2
이용하면,2
추첨을,2
통신사실확인자료,2
모스크바,2
공부,2
모델을,2
믿고,2
불친절해요,2
의사는,2
규제가,2
비슷하지만,2
atm,2
민주주의,2
못지,2
애플의,2
세심히,2
학생들의,2
않아도,2
형태,2
눈길을,2
소송에서,2
대상이,2
부사장은,2
부속,2
다졌다,2
운송해,2
이쁜,2
짬뽕을,2
개발하기,2
따돌리고,2
신나게,2
사망했다,2
부동산,2
일대일,2
나옵니다,2
즐기고,2
시간에,2
상반기에,2
네티즌들은,2
형수가,2
예정,2
축제의,2
미스터피자,2
rpc와,2
종로구,2
클리어,2
주장한,2
이겨내고,2
불편,2
못했다고,2
맛잇고,2
수도를,2
특이한,2
인정하고,2
시행하고,2
생기는,2
풋볼,2
새우,2
재료는,2
인상을,2
근거로,2
회사로,2
허견의,2
제품은,2
경북,2
별로네요,2
대표적,2
얼굴로,2
수요,2
공산당,2
커피전문점,2
스타골든벨,2
밝히면서,2
공부가,2
소질을,2
죽자,2
제출,2
l-29,2
매출액은,2
장면을,2
상태,2
짝패,2
전통시장,2
위대한,2
낸,2
야채가,2
초고층,2
확인하기,2
돌리고,2
방출하는,2
수업료,2
달한다,2
제한된다,2
국가예산에,2
냉동,2
good,2
대표의,2
보조금,2
일본과의,2
건의,2
저,2
발견했다,2
화차는,2
피자가,2
주와,2
주축으로,2
감싸야,2
이세,2
거리에,2
위스콘신대,2
한때,2
당연히,2
불꽃,2
직장이,2
아무튼,2
더해,2
맛잇음,2
면접시험,2
반응,2
도시와,2
아래에,2
개인용,2
제1차,2
싣고,2
생겼냐,2
전략이다,2
인구가,2
불만을,2
증가한,2
10만,2
상에,2
자동차를,2
연구진은,2
파운드,2
시청,2
정확하게,2
문화,2
바쁜,2
나설,2
김치도,2
대기시간이,2
잔에,2
기자회견을,2
고향인,2
잉글랜드,2
관심과,2
시간도,2
꼼꼼하게,2
문화에,2
1의,2
피해자를,2
본거지를,2
마찬가지로,2
홀에,2
그것이,2
10.2,2
동생,2
열릴,2
1945년,2
인체에,2
그보다,2
보조,2
아들과,2
준비할,2
인터넷을,2
이용하여,2
금액으로,2
높이에서,2
내부에,2
수상자로는,2
깨끗합니다,2
들어간다,2
30m,2
높아진,2
공기가,2
하러,2
일대,2
사망으로,2
태어나,2
점원이,2
않은데,2
직장에,2
사고,2
신고식을,2
중의,2
저출력,2
회장의,2
몰몬경,2
사업을,2
순이익은,2
아이드,2
바뀐,2
호답의,2
참여하고,2
공산주의,2
가의,2
업무,2
중국과,2
개인은,2
제어,2
시기는,2
선수로,2
신원을,2
8개,2
있겠지만,2
생각하여,2
가르쳤다,2
표현,2
방식은,2
올리는,2
경험이,2
김씨가,2
불구,2
복장,2
알았어요,2
법정,2
페이스북,2
우체국이,2
지나는,2
라인이,2
우리나라의,2
건물의,2
놀랐어요,2
층,2
꼬모,2
협정,2
요리사,2
국가가,2
고위공무원,2
선두에,2
전체가,2
아홉,2
체험도,2
예전,2
코리아,2
도요타,2
남성이,2
입,2
해체되는,2
선고했다,2
것보다,2
국방장관,2
인물로,2
있기에,2
시켜서,2
학생의,2
키울,2
1960년대,2
3시에는,2
계엄령을,2
조사한,2
사임한,2
브랜드를,2
라이너,2
복원,2
분쟁이,2
2위를,2
수학의,2
you,2
처음에는,2
회사의,2
90년대,2
태풍이,2
질량은,2
당시에,2
가상의,2
전까지,2
부자,2
훈련,2
토마토의,2
정체가,2
줄어들어,2
내에서,2
주택,2
지시,2
때문이었다,2
환불,2
송출하고,2
홍보,2
전공한,2
영어능통직,2
눈부시게,2
국방장관을,2
스타일,2
강화로,2
친선경기를,2
소유,2
4월까지,2
우라늄,2
이루어진,2
장동건,2
시와,2
지배를,2
군에서도,2
친구가,2
이웃들과,2
코엑스몰까지,2
생각은,2
유사하다,2
좋긴,2
국가의,2
음식들이,2
그만두고,2
어려워지자,2
공사,2
경찰에서,2
제품에,2
협정을,2
이름이다,2
전까지는,2
선의,2
박달재,2
골키퍼,2
선정을,2
친절해요,2
선언했지만,2
된장찌개,2
것이며,2
계속되었다,2
민주화,2
실패로,2
능력을,2
식으로,2
어디서나,2
하나라도,2
포항에,2
행사를,2
이고,2
하반기,2
주가의,2
배,2
전문가의,2
올해에도,2
집중,2
파이프,2
음악회를,2
학원을,2
뛰어,2
유전,2
북쪽,2
입어,2
플래시,2
세계는,2
하늘을,2
청와대,2
올라갈,2
말았다,2
알레이버크급은,2
느껴진다,2
규모는,2
판결,2
둘러보고,2
우리도,2
기본이,2
피클,2
사회에,2
후금은,2
자전거타고,2
바싹한,2
포,2
정유재란,2
할인쿠폰을,2
제재,2
취지에,2
중단,2
시국선언,2
김무성,2
파악하게,2
절개를,2
제공한,2
그려졌다,2
넣어서,2
대거,2
현장에서,2
안하고,2
에피소드를,2
가격을,2
이효리,2
경주,2
커질,2
2번,2
누구에게나,2
삶의,2
4대강,2
남부,2
테이블,2
보령,2
들어서,2
핀,2
귀화,2
반주로,2
드라이브,2
시청률을,2
원인이,2
되,2
일이다,2
여부,2
청소년,2
쟁반,2
아메리카노,2
유치원,2
초부터,2
이자가,2
자유형,2
밖에도,2
토대가,2
교사,2
환자들의,2
외부,2
높네요,2
후진타오,2
뮤직비디오를,2
기흥,2
조정,2
관장,2
일정은,2
독자적,2
본다면,2
공연이,2
면적이,2
노력하고,2
올리고,2
9월에,2
거에요,2
높아지고,2
원자재,2
뛰었다,2
예정이며,2
상승,2
꼽힌다,2
성도,2
이유를,2
이용할,2
회덕분기점,2
명동,2
나치,2
입맛,2
glaucoma,2
마쳤습니다,2
기대한다,2
이전의,2
해명했다,2
유지했다,2
주는데,2
국가대표팀의,2
마일로,2
수사에,2
선수와,2
안전점검,2
손맛이,2
위험하다,2
개최하고,2
없다고,2
항목과,2
좋으며,2
하시는데,2
8강,2
못했어요,2
발생했다,2
제공해야,2
피고,2
외,2
경사가,2
것일까,2
밤의,2
이것으로,2
물질이,2
그림,2
녹색경영,2
개최한다,2
국방위원장,2
18세기,2
시장이,2
기대된다,2
다시는,2
율촌을,2
바뀌고,2
여름,2
추천하는,2
목소리를,2
안았다,2
대신해,2
1000만원,2
투자하고,2
노숙과,2
단위로,2
매출은,2
m,2
시내에,2
직장으로,2
종료,2
떨며,2
최홍만,2
질도,2
붙는다,2
영화는,2
다룬다,2
대표는,2
실을,2
구축함에,2
주된,2
이후에는,2
마재윤이,2
일생,2
칵테일,2
틈을,2
키는,2
은하,2
절반씩,2
규모로,2
불친절,2
정책은,2
연습이,2
맛있었음,2
소프트웨어,2
아저씨의,2
반씩,2
1935년,2
낚아,2
일컫는,2
오르는,2
연합,2
졸업,2
브라운,2
가시는,2
머리카락,2
확인하세요,2
범죄,2
친구들의,2
명절,2
항공운송,2
부분과,2
프로세스,2
호는,2
dna와,2
막기,2
선택에,2
좋앗습니다,2
낮추는,2
단말기의,2
쓰기,2
등장한다,2
정도를,2
타임은,2
옮겼다,2
정부의,2
고속,2
실시간,2
구매를,2
카드사,2
디자인은,2
목표는,2
자부심을,2
꼬르소,2
예비,2
재정적,2
고교생,2
공연과,2
저렴해요,2
넣었는지,2
합쳐,2
등급인,2
s3,2
현대중공업은,2
연출했다,2
생방송,2
극도의,2
학생들에게,2
희망을,2
십,2
샤리아,2
기존에,2
아줌마들이,2
것만으로,2
매출을,2
삼성전자,2
star,2
대전에서,2
설명에,2
걸어,2
나머지는,2
윗,2
지분,2
목사,2
빨대,2
비하면,2
소형,2
누구를,2
못했습니다,2
규정을,2
일자리를,2
시작하였다,2
4년,2
주목을,2
인하,2
빠르게,2
용액,2
연합군이,2
틈틈이,2
한일,2
꿈꾸는,2
폭으로,2
보낸,2
입찰,2
친구의,2
해외에,2
유로그룹,2
구속,2
타석에서,2
안됩니다,2
레스토랑입니다,2
2세는,2
만나지,2
종료될,2
현대차,2
라이즈,2
마쳤다,2
구매할,2
몇몇,2
300만,2
열린다,2
생겨서,2
올해는,2
집안,2
역량을,2
환영,2
내에서는,2
로비가,2
라마다,2
으로부터,2
보도자료를,2
부탁해,2
닮은,2
생각함,2
측,2
위협이,2
그간,2
저소득,2
깨끗하게,2
조직의,2
잘해주시네요,2
이순신,2
위생,2
명칭을,2
해왔다,2
잠정,2
인테리어가,2
따뜻하고,2
입은,2
풍부한,2
피해를,2
대상을,2
감각의,2
발견된,2
메탈,2
강도,2
3개월간,2
준비한,2
선출되어,2
걱정은,2
대하여,2
전쟁,2
역과,2
따지면,2
불과했다,2
일었다,2
장기적인,2
성장의,2
흠,2
재정부는,2
도시락으로,2
설명이다,2
8회,2
조작,2
제한,2
빼고,2
안되는,2
미술,2
팀으로,2
고기와,2
없어서인지,2
서버,2
아이,2
도착할,2
보여주며,2
즐거운,2
승부,2
간헐적으로,2
기사가,2
커피가,2
훨,2
방법으로,2
소보루빵,2
3개월,2
시즌이,2
통행이,2
고장,2
위기를,2
전력을,2
특징,2
왕공족의,2
아니니,2
간격으로,2
시골,2
라이프,2
참석해,2
미칠,2
같지,2
민간인,2
문자,2
고급,2
월급제를,2
모양을,2
자녀가,2
한창,2
활용해,2
가격으로,2
b,2
3개의,2
얼큰한,2
차지할,2
상당,2
시청자들을,2
대기,2
pisaf2010,2
하세요,2
상황과,2
비는,2
클래식,2
청소기,2
주민센터,2
해소하고,2
지명이,2
구속영장을,2
조용해서,2
매장에,2
주시는,2
정원,2
시계,2
명창들의,2
예산액과,2
항생제의,2
그림이,2
원칙을,2
환경을,2
코치를,2
멀티미디어,2
기온은,2
이종범이,2
육영수는,2
국가권력의,2
덴,2
일괄,2
여름에,2
무지,2
4인,2
해주시네요,2
5급,2
얼마인가요,2
여기만큼,2
비싸게,2
공공기관,2
조선총독부,2
열었다,2
색다른,2
기여해,2
대우,2
소스,2
느끼는,2
동작을,2
제3회,2
움직이는,2
무덤인,2
뒤쪽,2
직접적인,2
듄의,2
친절하다,2
하나인,2
정당,2
단지,2
파란색,2
안에는,2
방패,2
보낼,2
러시아는,2
성남,2
초반부터,2
행정,2
방지하기,2
수사기관에,2
집을,2
가야겠어요,2
그후,2
평가한,2
졸업한,2
계속된,2
학교에,2
쇼트트랙,2
교황,2
분야에서는,2
수다,2
기반을,2
간단히,2
유도,2
제재를,2
보편적인,2
버스타고,2
계비가,2
주의,2
뒤를,2
2개의,2
상속녀인,2
개선할,2
맡았으며,2
심했다,2
특이하고,2
덜,2
회사는,2
코믹한,2
센다이,2
담에,2
사용한,2
2학년,2
친절,2
소중한,2
드문,2
치료에,2
무료,2
로맨틱한,2
관리도,2
나가,2
수리,2
스카이다이빙,2
최선을,2
lg이노텍,2
맨시니의,2
소장은,2
쉽다,2
지구,2
부사장,2
사랑하는,2
범위를,2
걷고,2
있기도,2
엄마,2
눈물이,2
문제와,2
긴급,2
손에,2
폴란드,2
이슈가,2
개혁개방,2
1월부터,2
안정적인,2
오픈에서,2
면모를,2
기쁨을,2
천연,2
저장성,2
기다려서,2
11년,2
공개되고,2
2선의,2
희미한,2
시각도,2
통합,2
중학교,2
눈이,2
뮤비,2
않았지만,2
아주머니의,2
법안은,2
보여준다,2
커다란,2
푸르지오,2
대단히,2
것만,2
나무로,2
컴퓨팅,2
집권한,2
비벼,2
구성,2
뜻한다,2
효과적으로,2
딱히,2
입었고,2
건너가,2
세계적으로,2
추운,2
3년을,2
쇼트프로그램에서,2
얻기,2
돌아온,2
애플리케이션,2
수건이랑,2
전선을,2
불우한,2
업계에,2
경유,2
포함되었다,2
자유로운,2
소문대로,2
해발,2
종일제,2
400미터와,2
말해봐,2
인천시의,2
밖으로,2
도서관의,2
유족이,2
차지한,2
푸른,2
줄이기,2
제기한,2
수도권,2
전일,2
나타낸다,2
잡으면,2
개념,2
별루,2
원칙에,2
금상,2
수식어가,2
치러질,2
4백만,2
공간으로,2
송파구,2
티켓을,2
차가운,2
인정하면서,2
일대에,2
선수는,2
안정을,2
정치적,2
아메리칸,2
정이,2
대법원은,2
화물,2
끊임없는,2
있고요,2
보여주는,2
기간이,2
있길래,2
속도는,2
새로이,2
일하던,2
미용실,2
기타,2
예정인,2
폭의,2
슈팅으로,2
들어왔다,2
분위기가,2
위주의,2
상징인,2
땅을,2
세포,2
고2,2
돼지,2
물을,2
중국은,2
적극적인,2
예전에,2
분석된다,2
이나,2
무시하는,2
아이폰,2
대만,2
더해주는,2
피하는,2
되도록,2
아시는,2
스티브,2
되게,2
샌드위치도,2
총리는,2
시설은,2
얽혀,2
하늘은,2
간호사들,2
선발한다,2
터키,2
뭔지,2
취미,2
건축,2
안심하고,2
결혼하였다,2
동쪽,2
말에,2
孫權,2
서울시,2
무대로,2
위원장의,2
내부의,2
치러지는,2
값이,2
중국산,2
학생들이,2
흐른다,2
지내고,2
웃음과,2
방사성,2
공중,2
내용과,2
윈윈,2
내릴,2
녹내장,2
확정지었다,2
체험할,2
기대하고,2
거머쥔,2
줄일,2
넘친다,2
언론의,2
단둥에서,2
창시,2
자사가,2
부근의,2
분명한,2
만료,2
기관,2
교체,2
여의도,2
미끼로,2
화학,2
전달된다,2
투쟁,2
발표할,2
고가,2
단맛이,2
재즈,2
지역에서는,2
왔는데,2
대회에서,2
넥센,2
소비자의,2
생기면서,2
벌인,2
이름이,2
주인공,2
원주,2
들어가는지,2
참가했다,2
편의를,2
후쿠시마,2
당시에는,2
초가의,2
비싸기만,2
도쿄대,2
웅진전,2
갈려면,2
규칙,2
보면서,2
브라질,2
맛집이,2
공항까지,2
6등급,2
종류별로,2
밥이,2
연평도,2
역사가,2
스타들의,2
위원은,2
가지러,2
일상을,2
음악을,2
고속도로가,2
마크,2
성,2
많게는,2
그리스도의,2
논쟁이,2
요인이다,2
회남윤,2
형의,2
걸로,2
한국에서,2
환자,2
퀄리티가,2
dna,2
정의된다,2
상태다,2
걸리는,2
°c,2
야가미는,2
음모를,2
출마에,2
샤브샤브도,2
주위,2
스피커,2
치과,2
취하고,2
배경,2
path,2
부모님,2
엔딩,2
결합하여,2
불안한,2
아직도,2
아니었지만,2
메가,2
귀환,2
최고위원,2
판매하고,2
23명,2
정부로부터,2
포르쉐,2
졸업하고,2
3분의,2
부모님이,2
뽑고,2
측정,2
서예,2
시켜도,2
갤럭시,2
100년,2
모델인,2
사례,2
정치를,2
충청북도,2
들어서는,2
균형을,2
설립한,2
맞게,2
비즈니스,2
체결한,2
일제,2
거지,2
항공기를,2
98년,2
절차를,2
압둘,2
드립니다,2
오게,2
굿입니다,2
우주는,2
4.9,2
치료를,2
악단,2
그렇다고,2
토대로,2
지점에,2
올라가,2
공부를,2
차를,2
여자가,2
2020년,2
수행하고,2
음료,2
최저,2
계승한,2
불리기도,2
남아있는,2
이벤트에,2
리필,2
별로다,2
높였다,2
에디슨에,2
증정한다,2
늘리는,2
역,2
했습니다,2
요구했고,2
아예,2
누리꾼들은,2
초기에는,2
후작의,2
가나,2
수장,2
조사됐다,2
통증,2
만들기,2
소원을,2
운동이,2
살이,2
활성화를,2
방향을,2
전문가들의,2
당시의,2
오면,2
사항은,2
그것은,2
의지를,2
안주로,2
호기심에,2
환불해,2
의미이다,2
일명,2
씹는,2
검은색,2
아들이,2
소지가,2
부드러운,2
금리를,2
아니라는,2
유지를,2
협조체제,2
기도,2
해온,2
납니다,2
세계에,2
물질의,2
인수에,2
7년,2
나오면,2
친구들과,2
스마트,2
찾고,2
다테,2
긴축안,2
참가한,2
청소,2
특유의,2
벌써,2
명확히,2
매장에서,2
데이,2
미쓰비시,2
되었는데,2
못했지만,2
업데이트,2
아르바이트,2
복귀한,2
술,2
운행,2
내에,2
대출금,2
기여할,2
우연히,2
l,2
한미,2
전화번호가,2
실력,2
경기의,2
명문,2
갑작스런,2
드러났다,2
충남,2
여동생,2
시대부터,2
의해서,2
기독교,2
유사한,2
힘들다,2
길이,2
영향력,2
부근에서,2
참여해,2
지지하고,2
1일에,2
되서,2
신빙성이,2
밝히는,2
의사나,2
정권을,2
잡스는,2
존재한다는,2
출발한,2
제작한,2
되어야,2
스틸,2
뉴타운,2
지은,2
언제야,2
휴대전화,2
임명되었다,2
코끝성형,2
파라과이,2
금리,2
개혁을,2
별명이,2
만원,2
귀국하여,2
선거가,2
속이,2
북한에서,2
base,2
대표팀,2
5명의,2
신문은,2
1992년,2
하나님의,2
주인의,2
기체,2
나왔습니다,2
개별적으로,2
키를,2
공연을,2
뭐지,2
원성을,2
불렸다,2
제이콥,2
독일의,2
멀어요,2
통영,2
알리는,2
소마,2
유능한,2
접할,2
후반,2
예산에,2
물품을,2
영웅으로,2
중앙의,2
대한축구협회는,2
5시간,2
미국에,2
통신사들이,2
생애에,2
씨가,2
영화와,2
데이트,2
내내,2
학교를,2
것두,2
정규리그,2
전부,2
검정고시는,2
아무,2
탈옥을,2
중에서도,2
옮긴,2
진지하게,2
안주가,2
이로,2
없지만,2
관행을,2
1904년,2
하였고,2
경찰이,2
편안하고,2
전체적인,2
프로젝트로,2
농장,2
수상이,2
기사를,2
여러분께,2
수육이,2
확인할,2
있었으므로,2
특별공급,2
부른,2
운영된다,2
위주로,2
우리가,2
먹어,2
wto,2
인간의,2
일회용으로,2
관리와,2
행복을,2
과제는,2
전면,2
의장이,2
일본으로,2
1년간,2
수준이다,2
3대,2
금방,2
두개의,2
성적에,2
대한해협,2
성공하였다,2
나를,2
셈이다,2
경위,2
격상하고,2
안주도,2
계획이라고,2
인터뷰,2
추가하였다,2
부직포,2
allen,2
대학에,2
알려지고,2
곳이기도,2
베트남,2
아기,2
먹어야,2
좋아지고,2
되었을,2
신약성서,2
쉴,2
경매를,2
세계적인,2
딸,2
국가대표팀,2
life,2
도내,2
시작했고,2
1위를,2
독립,2
임명한,2
방법과,2
주차도,2
시는,2
트랙,2
후덕한,2
학생이,2
빵,2
병원까지의,2
모델로,2
20만,2
1라운드,2
가족은,2
은메달을,2
시작하게,2
기념,2
진압에,2
돕는다,2
원가,2
팔고,2
주기가,2
매장도,2
고대,2
淮南尹,2
지도로,2
인권의,2
대학생,2
대표로,2
챙긴,2
지속될,2
무렵,2
bad,2
신한카드,2
소녀시대가,2
생각에,2
난다,2
사람이다,2
최소한,2
먹으니,2
부임하여,2
예쁘게,2
생각된다,2
대표와,2
1천여,2
